,gamePlayID,type (0=punt),#19 playerID,#20 playerID,#21 playerID,#11 playerID,#12 playerID,#13 playerID,#14 playerID,#15 playerID,#16 playerID,#17 playerID,#18 playerID,#0 playerID,#1 playerID,#2 playerID,#3 playerID,#4 playerID,#5 playerID,#6 playerID,#7 playerID,#8 playerID,#9 playerID,#10 playerID,#19 x,#19 y,#19 v,#19 a,#19 distance,#19 orientation,#19 direction,#20 x,#20 y,#20 v,#20 a,#20 distance,#20 orientation,#20 direction,#21 x,#21 y,#21 v,#21 a,#21 distance,#21 orientation,#21 direction,#11 x,#11 y,#11 v,#11 a,#11 distance,#11 orientation,#11 direction,#12 x,#12 y,#12 v,#12 a,#12 distance,#12 orientation,#12 direction,#13 x,#13 y,#13 v,#13 a,#13 distance,#13 orientation,#13 direction,#14 x,#14 y,#14 v,#14 a,#14 distance,#14 orientation,#14 direction,#15 x,#15 y,#15 v,#15 a,#15 distance,#15 orientation,#15 direction,#16 x,#16 y,#16 v,#16 a,#16 distance,#16 orientation,#16 direction,#17 x,#17 y,#17 v,#17 a,#17 distance,#17 orientation,#17 direction,#18 x,#18 y,#18 v,#18 a,#18 distance,#18 orientation,#18 direction,#0 x,#0 y,#0 v,#0 a,#0 distance,#0 orientation,#0 direction,#1 x,#1 y,#1 v,#1 a,#1 distance,#1 orientation,#1 direction,#2 x,#2 y,#2 v,#2 a,#2 distance,#2 orientation,#2 direction,#3 x,#3 y,#3 v,#3 a,#3 distance,#3 orientation,#3 direction,#4 x,#4 y,#4 v,#4 a,#4 distance,#4 orientation,#4 direction,#5 x,#5 y,#5 v,#5 a,#5 distance,#5 orientation,#5 direction,#6 x,#6 y,#6 v,#6 a,#6 distance,#6 orientation,#6 direction,#7 x,#7 y,#7 v,#7 a,#7 distance,#7 orientation,#7 direction,#8 x,#8 y,#8 v,#8 a,#8 distance,#8 orientation,#8 direction,#9 x,#9 y,#9 v,#9 a,#9 distance,#9 orientation,#9 direction,#10 x,#10 y,#10 v,#10 a,#10 distance,#10 orientation,#10 direction
74,2.50E+13,0,46174,46672,46732,40579,41316,41448,42608,43407,43427,43491,45350,31018,36060,36086,42398,42514,43396,43498,43693,44859,44999,46958,94.63,32.25,0.86,1.86,0.09,291.28,290.83,76.93,51.79,2.56,6.32,0.27,261.65,119.65,63.51,37.45,8.88,1.21,0.89,81.47,84.63,62,24.41,8.51,1.23,0.85,80.77,81.4,75.85,50.68,2.09,3.83,0.23,276.85,71.84,74.73,31.52,7.93,1.78,0.81,70.41,77.35,72.37,30.88,7.91,1.34,0.8,49.23,69.36,75.81,29.48,9.18,1.71,0.93,51.92,75.3,66.41,28.73,8.49,0.97,0.85,82.25,85.52,51.15,36.74,7.71,1.08,0.77,86.45,83.41,68.81,37.46,9.1,1.36,0.92,58.67,95.49,40.5,25.41,5.7,0.53,0.57,79.82,78.54,69.19,38.86,8.91,1.67,0.9,134.51,101.32,66.79,30.99,8.12,1.2,0.82,84.35,84.83,68.65,27.16,9.09,1.09,0.91,91.16,91.4,68.52,32.13,8.77,1.2,0.89,80.91,83.42,75.64,30.47,8.77,2.15,0.89,117.17,70.73,75.48,50.96,2.24,3.39,0.23,102.9,143.09,62.59,23.11,8.44,0.93,0.85,89.85,81.85,65.6,41.85,9.13,1.77,0.91,95.57,85.86,68.71,36.05,9.39,1.32,0.94,78.1,89.48,51.79,40.03,8.53,0.74,0.85,93.33,85.06
75,2.50E+13,0,46174,46672,46732,40579,41316,41448,42608,43407,43427,43491,45350,31018,36060,36086,42398,42514,43396,43498,43693,44859,44999,46958,94.53,32.27,1.13,2.27,0.1,290.19,276.65,77.12,51.63,2.53,6.08,0.25,255,136.7,64.4,37.52,8.89,1.47,0.89,78.03,85.81,62.84,24.54,8.52,1.47,0.86,80.77,80.22,76.03,50.72,1.71,3.77,0.19,269,79.6,75.51,31.73,7.92,1.92,0.8,69.59,75.35,73.12,31.17,7.91,1.26,0.81,45.51,69.36,76.7,29.72,9.09,1.63,0.92,50.61,75.08,67.26,28.79,8.54,0.95,0.86,84.07,86.07,51.94,36.79,7.82,1.2,0.79,86.45,84.4,69.72,37.39,9.03,1.63,0.91,52.03,94.7,41.07,25.52,5.78,0.36,0.58,81.53,78.33,70.06,38.69,8.77,1.8,0.89,133.87,101.5,67.6,31.04,8.19,0.8,0.81,88.86,85.33,69.56,27.13,9.07,1.25,0.91,91.16,92.2,69.4,32.22,8.73,1.32,0.88,81.79,83.62,76.46,30.75,8.58,2.21,0.87,113.5,71.23,75.6,50.78,2.23,2.71,0.22,98.37,150.03,63.44,23.23,8.45,0.94,0.86,89.85,82.01,66.51,41.9,9.12,1.91,0.91,92.57,87.49,69.64,36.06,9.33,1.46,0.94,71.22,88.91,52.65,40.1,8.57,0.76,0.86,93.33,85.6
76,2.50E+13,0,46174,46672,46732,40579,41316,41448,42608,43407,43427,43491,45350,31018,36060,36086,42398,42514,43396,43498,43693,44859,44999,46958,94.39,32.27,1.48,2.76,0.14,290.19,269.59,77.27,51.41,2.79,5.76,0.27,255.63,152.14,65.28,37.59,8.82,1.55,0.89,78.03,86.41,63.68,24.69,8.51,1.51,0.85,83.2,79.36,76.19,50.72,1.47,3.61,0.16,264.26,93.68,76.27,31.94,7.85,1.96,0.79,68.89,73.95,73.88,31.46,7.92,1.22,0.81,44.89,69.36,77.56,29.97,8.92,1.91,0.9,49.52,74.57,68.13,28.84,8.62,0.95,0.87,85.78,86.76,52.72,36.83,7.86,1.32,0.78,87.24,85.46,70.63,37.32,8.97,1.71,0.91,42.56,94.38,41.64,25.63,5.84,0.23,0.58,83.91,78.41,70.92,38.52,8.65,1.98,0.88,129.53,101.64,68.39,31.09,8.15,1.23,0.8,88.86,85.89,70.46,27.09,9.04,1.42,0.91,91.78,93,70.29,32.3,8.74,1.22,0.89,80.88,84.13,77.27,31.02,8.38,2.37,0.85,111.91,71.81,75.7,50.58,2.28,2.12,0.23,96.1,155.7,64.3,23.35,8.5,0.94,0.86,86.28,82.11,67.43,41.93,9.14,1.92,0.92,92.57,88.92,70.57,36.09,9.22,1.8,0.93,69.23,88.14,53.51,40.16,8.71,0.56,0.87,91,86.1
77,2.50E+13,0,46174,46672,46732,40579,41316,41448,42608,43407,43427,43491,45350,31018,36060,36086,42398,42514,43396,43498,43693,44859,44999,46958,94.21,32.27,1.96,3.24,0.18,290.19,267.08,77.38,51.13,3.14,5.42,0.3,252.66,163.77,66.16,37.64,8.78,1.51,0.88,80.17,86.95,64.52,24.85,8.51,1.34,0.85,80.33,78.79,76.32,50.66,1.38,3.84,0.15,254.8,117.8,77.02,32.16,7.77,1.87,0.78,68.89,73,74.62,31.74,7.85,1.35,0.8,38.52,69.32,78.41,30.21,8.72,2.22,0.88,46.2,74.14,68.99,28.89,8.63,0.98,0.87,88.54,87.5,53.51,36.85,7.94,1.37,0.79,90.19,86.67,71.53,37.28,8.89,2,0.9,30.89,92.9,42.22,25.75,5.88,0.26,0.59,81.98,79.12,71.76,38.35,8.44,2.27,0.85,124.36,101.05,69.2,31.13,8.12,1.43,0.81,89.79,86.38,71.37,27.04,9.09,1.25,0.91,89.68,93.55,71.16,32.38,8.68,1.38,0.87,79.47,85.16,78.06,31.26,8.11,2.75,0.82,110.19,73.05,75.79,50.36,2.37,1.58,0.23,90.74,159.48,65.14,23.46,8.42,1.22,0.85,88.15,82.29,68.35,41.93,9.12,2.1,0.92,93.96,90.61,71.49,36.12,9.1,1.96,0.92,64.09,87.51,54.38,40.22,8.72,0.49,0.87,91,86.19
78,2.50E+13,0,46174,46672,46732,40579,41316,41448,42608,43407,43427,43491,45350,31018,36060,36086,42398,42514,43396,43498,43693,44859,44999,46958,93.98,32.25,2.46,3.47,0.23,283.04,264.52,77.45,50.81,3.47,4.9,0.33,253.34,171.2,67.04,37.68,8.74,1.55,0.88,80.17,87.64,65.35,25.02,8.49,1.21,0.85,79.48,78.21,76.43,50.57,1.48,3.8,0.14,247.82,137.76,77.76,32.4,7.67,1.73,0.77,67.77,72.16,75.36,32.03,7.79,1.43,0.79,35.33,68.76,79.23,30.44,8.42,2.72,0.85,39.68,74.21,69.87,28.91,8.69,1.04,0.87,89.62,88.39,54.3,36.85,7.91,1.6,0.78,95.15,87.6,72.43,37.24,8.85,1.96,0.9,15.41,92.06,42.8,25.86,5.9,0.41,0.59,84.12,79.43,72.58,38.21,8.17,2.68,0.83,121.67,100.08,70.01,31.15,8.16,1.71,0.82,93.26,87.05,72.28,26.98,9.09,1.37,0.91,89.68,94.57,72.02,32.45,8.62,1.37,0.87,78.51,85.66,78.82,31.48,7.82,3.15,0.8,107.49,74.55,75.88,50.11,2.67,1.62,0.26,89.88,162.69,66,23.57,8.49,1.12,0.87,90.79,82.46,69.26,41.9,9.1,2.14,0.92,95.07,92.07,72.4,36.15,9.09,1.57,0.92,61.5,87.99,55.26,40.28,8.73,0.6,0.87,92.91,86.25
79,2.50E+13,0,46174,46672,46732,40579,41316,41448,42608,43407,43427,43491,45350,31018,36060,36086,42398,42514,43396,43498,43693,44859,44999,46958,93.72,32.22,2.86,3.44,0.27,281.87,263.82,77.48,50.44,3.81,4.23,0.36,254.18,177.2,67.93,37.71,8.77,1.31,0.88,76.87,88.07,66.18,25.19,8.46,1.19,0.85,79.48,77.78,76.52,50.44,1.7,3.56,0.16,238.31,150.25,78.49,32.64,7.67,1.3,0.77,68.36,71.8,76.07,32.31,7.65,1.66,0.77,33.48,68.17,80.03,30.67,8.16,2.92,0.83,31.7,73.74,70.74,28.93,8.69,1.13,0.87,89.62,89.03,55.1,36.85,7.97,1.76,0.8,95.15,88.63,73.31,37.22,8.71,2.07,0.88,5.12,91.22,43.39,25.97,5.97,0.37,0.6,85.47,79.2,73.38,38.1,7.92,2.96,0.81,118.09,98.42,70.79,31.17,8.08,1.89,0.78,90.93,87.6,73.19,26.9,9.08,1.25,0.91,88.69,94.88,72.88,32.51,8.57,1.67,0.86,78.51,86.8,79.56,31.66,7.47,3.78,0.76,104.43,76.89,75.96,49.85,2.79,1.25,0.27,89.88,164.08,66.86,23.67,8.5,1.17,0.86,87.96,83.27,70.18,41.86,9.07,2.13,0.91,95.07,93.35,73.31,36.17,8.99,1.61,0.91,65.55,88.57,56.13,40.33,8.74,0.86,0.88,96.14,86.88
80,2.50E+13,0,46174,46672,46732,40579,41316,41448,42608,43407,43427,43491,45350,31018,36060,36086,42398,42514,43396,43498,43693,44859,44999,46958,93.41,32.2,3.28,3.22,0.31,282.51,265.41,77.48,50.04,4.16,3.79,0.4,258.23,182.01,68.8,37.74,8.72,1.35,0.88,73.47,88.68,67.01,25.37,8.43,1.01,0.84,81.26,78.2,76.61,50.27,1.96,3.12,0.19,227.3,158.2,79.22,32.87,7.6,1.18,0.76,69.9,71.65,76.77,32.6,7.47,1.94,0.76,30.43,67.76,80.81,30.91,7.94,2.94,0.81,16.24,72.87,71.62,28.93,8.77,1.18,0.88,89.62,90.1,55.89,36.83,7.97,1.46,0.79,95.87,89.58,74.17,37.2,8.53,2.24,0.86,356.37,90.6,43.99,26.08,6.08,0.38,0.61,89.76,79.9,74.15,37.99,7.65,3.15,0.78,114.51,97.24,71.56,31.18,7.95,1.92,0.76,89.59,88.26,74.09,26.83,9.03,1.27,0.91,88.03,94.87,73.74,32.55,8.54,1.94,0.85,82.38,88.29,80.27,31.8,7.09,4.51,0.73,101.27,80.13,76.04,49.58,2.88,0.88,0.28,90.97,163.71,67.71,23.76,8.51,1.15,0.86,86.3,84.07,71.08,41.78,9,2.37,0.91,93.04,95.22,74.2,36.19,8.8,2.06,0.89,68.41,89.31,57.01,40.37,8.69,1.09,0.87,101.59,87.19
81,2.50E+13,0,46174,46672,46732,40579,41316,41448,42608,43407,43427,43491,45350,31018,36060,36086,42398,42514,43396,43498,43693,44859,44999,46958,93.06,32.18,3.59,2.73,0.34,281.38,266.73,77.45,49.61,4.4,3,0.43,258.23,185.11,69.68,37.76,8.65,1.38,0.87,71.22,88.71,67.84,25.53,8.38,1.17,0.84,78.59,79.08,76.69,50.07,2.21,2.58,0.21,213.96,161.05,79.94,33.11,7.53,1.2,0.76,71.51,71.63,77.46,32.88,7.31,2.07,0.74,26.1,67.6,81.55,31.12,7.56,3.24,0.77,351.73,73.61,72.5,28.92,8.8,1.25,0.88,90.9,90.97,56.7,36.78,8.06,1.45,0.81,97.59,90.79,75.02,37.2,8.39,2.21,0.85,343.29,89.96,44.61,26.19,6.21,0.31,0.62,89.76,80.21,74.89,37.91,7.34,3.41,0.75,107.41,95.69,72.31,31.17,7.83,2.31,0.76,90.36,89.01,74.99,26.76,8.99,1.31,0.9,84.91,94.91,74.58,32.57,8.47,2.07,0.85,82.99,89.52,80.95,31.9,6.71,4.89,0.69,98.63,83.62,76.14,49.29,3.04,0.73,0.31,93.14,162.96,68.57,23.84,8.5,1.32,0.86,86.3,84.89,71.98,41.68,8.99,2.48,0.91,93.04,97.21,75.07,36.18,8.67,2.2,0.88,76.48,90.22,57.88,40.41,8.72,1.08,0.88,109.86,87.59
82,2.50E+13,0,46174,46672,46732,40579,41316,41448,42608,43407,43427,43491,45350,31018,36060,36086,42398,42514,43396,43498,43693,44859,44999,46958,92.69,32.18,3.87,2.57,0.37,280.11,271.44,77.41,49.17,4.58,2.22,0.45,255.91,187.09,70.54,37.77,8.58,1.5,0.86,71.22,89.23,68.66,25.68,8.35,1.43,0.84,80.94,80.09,76.77,49.85,2.41,1.93,0.23,196.43,161.65,80.65,33.34,7.45,1.29,0.75,73.26,71.83,78.13,33.15,7.05,2.41,0.72,21.02,67.82,82.26,31.32,7.21,3.42,0.74,340.46,74.06,73.38,28.9,8.77,1.36,0.88,93.2,91.65,57.5,36.73,8.05,1.64,0.8,100.07,91.76,75.85,37.2,8.18,2.39,0.83,333.93,89.62,45.23,26.29,6.26,0.41,0.63,90.94,80.81,75.61,37.85,7.01,3.48,0.72,102.67,94.44,73.05,31.16,7.71,2.54,0.74,92.48,89.69,75.89,26.7,8.89,1.57,0.9,81.42,93.85,75.43,32.57,8.38,2.11,0.84,82.99,90.65,81.6,31.94,6.31,5.5,0.65,94.95,88.46,76.23,48.94,3.39,1.08,0.36,94.47,164.84,69.41,23.91,8.42,1.46,0.85,86.89,85.27,72.87,41.55,8.92,2.5,0.9,93.04,98.84,75.94,36.16,8.54,2.45,0.86,78.35,91.87,58.76,40.42,8.73,1.56,0.88,108.34,89.57
83,2.50E+13,0,46174,46672,46732,40579,41316,41448,42608,43407,43427,43491,45350,31018,36060,36086,42398,42514,43396,43498,43693,44859,44999,46958,92.29,32.2,4.08,2.55,0.4,280.11,274.83,77.35,48.71,4.66,1.41,0.46,258.88,188.4,71.4,37.78,8.57,1.43,0.86,71.22,89.87,69.49,25.81,8.32,1.75,0.84,81.7,81.54,76.85,49.62,2.6,1.43,0.25,187.75,161.18,81.35,33.57,7.34,1.46,0.74,74.72,72.42,78.76,33.4,6.67,2.96,0.68,11.35,68.36,82.93,31.5,6.8,3.68,0.7,320.14,75,74.27,28.86,8.81,1.36,0.89,92.38,92.53,58.32,36.67,8.11,1.8,0.82,100.07,92.65,76.65,37.21,7.86,2.8,0.8,325.76,89.32,45.85,26.39,6.28,0.47,0.63,92.54,81.29,76.29,37.8,6.64,3.56,0.68,98.07,93.44,73.75,31.13,7.49,2.67,0.7,89.81,90.45,76.77,26.65,8.76,1.96,0.88,77.74,92.81,76.26,32.55,8.27,2.14,0.83,81.79,91.76,82.21,31.93,5.93,5.92,0.61,90.25,93.82,76.32,48.6,3.55,0.96,0.35,101.79,164.88,70.26,23.98,8.41,1.27,0.85,85.48,85.61,73.75,41.4,8.83,2.48,0.89,94.65,100.27,76.78,36.11,8.37,2.92,0.85,79.93,94.06,59.65,40.4,8.76,1.86,0.89,102.1,91.38
84,2.50E+13,0,46174,46672,46732,40579,41316,41448,42608,43407,43427,43491,45350,31018,36060,36086,42398,42514,43396,43498,43693,44859,44999,46958,91.88,32.25,4.28,2.77,0.42,282.89,279.33,77.28,48.28,4.43,1.01,0.44,268.02,189.3,72.26,37.78,8.52,1.5,0.86,72.55,90.47,70.32,25.92,8.3,1.87,0.84,84.52,82.92,76.94,49.36,2.76,1.17,0.27,179.86,159.69,82.05,33.78,7.19,1.73,0.73,76.67,73.04,79.36,33.63,6.31,3.31,0.64,1.81,69.28,83.57,31.65,6.38,4.01,0.65,305.21,76.97,75.15,28.82,8.75,1.47,0.88,90.6,93.28,59.14,36.6,8.14,1.52,0.82,95.42,93.37,77.42,37.23,7.54,3.09,0.77,317.46,88.75,46.48,26.48,6.31,0.56,0.63,92.54,81.85,76.93,37.77,6.29,3.56,0.65,93.43,92.26,74.44,31.1,7.29,2.84,0.69,91.13,91.15,77.64,26.62,8.6,2.27,0.87,74.27,91.78,77.08,32.52,8.13,2.34,0.82,82.45,93.23,82.79,31.86,5.66,5.85,0.58,88.9,99.72,76.4,48.24,3.68,0.83,0.37,103.18,166.23,71.1,24.04,8.31,1.52,0.84,86.42,86.18,74.62,41.22,8.77,2.45,0.89,92.94,101.86,77.61,36.04,8.23,2.97,0.83,80.86,95.92,60.53,40.36,8.71,2.2,0.88,104.93,93.22
85,2.50E+13,0,46174,46672,46732,40579,41316,41448,42608,43407,43427,43491,45350,31018,36060,36086,42398,42514,43396,43498,43693,44859,44999,46958,91.46,32.35,4.4,3.39,0.43,288.1,286.55,77.21,47.85,4.28,1.44,0.43,272.52,190.53,73.12,37.76,8.54,1.34,0.86,73.35,91.14,71.14,26.01,8.24,1.87,0.83,86.35,84,77.05,49.1,2.9,1.02,0.29,174.81,157.96,82.73,33.98,6.99,2.1,0.71,78.54,74.04,79.93,33.83,5.93,3.64,0.61,351.05,70.77,84.16,31.74,5.87,4.66,0.6,290.4,80.99,76.03,28.77,8.68,1.57,0.88,89.68,93.73,59.95,36.53,8.12,1.72,0.81,95.42,93.97,78.16,37.24,7.29,3.07,0.75,311.35,88.63,47.1,26.56,6.29,0.7,0.63,92.54,82.27,77.54,37.75,5.96,3.47,0.61,89.56,91.38,75.1,31.07,7.09,3.09,0.66,88.62,91.69,78.49,26.62,8.43,2.77,0.85,69.2,89.64,77.88,32.46,7.93,2.6,0.8,82.45,94.76,83.32,31.74,5.33,5.66,0.55,88.9,105.96,76.46,47.91,3.53,0.56,0.34,101.15,168.62,71.92,24.09,8.2,1.7,0.83,83.15,86.66,75.47,41.03,8.64,2.46,0.87,91.77,103.28,78.42,35.94,8.02,2.97,0.81,83.82,97.38,61.4,40.28,8.65,2.52,0.87,110.38,95.27
86,2.50E+13,0,46174,46672,46732,40579,41316,41448,42608,43407,43427,43491,45350,31018,36060,36086,42398,42514,43396,43498,43693,44859,44999,46958,91.04,32.5,4.54,3.31,0.45,290.23,291.45,77.12,47.43,4.19,1.59,0.43,276.68,191.61,73.97,37.74,8.46,1.45,0.85,73.35,91.45,71.95,26.09,8.16,1.99,0.82,88.7,85.38,77.16,48.82,3.02,0.7,0.3,174.81,159.19,83.39,34.16,6.75,2.68,0.69,80.06,76.12,80.48,34.01,5.56,3.82,0.57,352.19,72.48,84.71,31.79,5.37,5.35,0.56,275.88,86.34,76.89,28.7,8.58,1.73,0.87,90.38,94.27,60.75,36.45,8.1,1.66,0.81,98.22,94.6,78.88,37.26,6.97,3.17,0.71,307.37,88.72,47.73,26.65,6.3,0.7,0.63,91.16,82.07,78.12,37.74,5.57,3.5,0.57,86,90.56,75.73,31.05,6.85,3.19,0.63,89.9,91.51,79.31,26.64,8.13,3.31,0.82,59.33,87.72,78.65,32.39,7.68,2.67,0.78,81.77,95.25,83.81,31.57,5.04,5.25,0.52,83.46,111.64,76.47,47.57,3.43,1.62,0.34,104.72,174.41,72.74,24.15,8.06,1.9,0.82,83.15,86.57,76.31,40.84,8.49,2.23,0.86,91.77,103.49,79.2,35.83,7.72,2.95,0.79,86.5,97.84,62.26,40.19,8.58,2.66,0.86,111.18,97.01
87,2.50E+13,0,46174,46672,46732,40579,41316,41448,42608,43407,43427,43491,45350,31018,36060,36086,42398,42514,43396,43498,43693,44859,44999,46958,90.63,32.72,4.68,3.97,0.46,295.82,300.04,77.03,47.03,4.07,1.72,0.42,277.92,192.77,74.82,37.72,8.34,1.62,0.84,73.35,91.77,72.76,26.14,8.05,2.09,0.81,89.87,86.76,77.26,48.53,3.08,0.37,0.31,174.81,160.04,84.04,34.3,6.49,3.23,0.66,81.77,78.75,81,34.15,5.25,3.79,0.54,352.19,75.28,85.23,31.78,4.99,5.64,0.52,262.52,92.68,77.75,28.63,8.48,1.86,0.86,90.38,94.95,61.55,36.36,8.06,1.84,0.8,98.22,95.05,79.55,37.27,6.61,3.35,0.68,302.44,89.19,48.35,26.75,6.29,0.83,0.63,91.16,81.74,78.65,37.75,5.18,3.54,0.53,83.43,89.21,76.33,31.04,6.57,3.21,0.6,86.41,91.13,80.11,26.7,7.79,3.91,0.79,53.03,84.94,79.41,32.34,7.46,2.59,0.76,77.32,94.05,84.23,31.38,4.49,5.17,0.46,76.73,116.82,76.47,47.23,3.43,2.61,0.35,111.9,180.5,73.53,24.2,7.84,2.21,0.79,77.34,86.47,77.13,40.67,8.29,2.21,0.84,93.77,102.6,79.95,35.73,7.38,3.18,0.76,87.09,98.06,63.11,40.07,8.54,2.57,0.86,108.21,98.74
88,2.50E+13,0,46174,46672,46732,40579,41316,41448,42608,43407,43427,43491,45350,31018,36060,36086,42398,42514,43396,43498,43693,44859,44999,46958,90.23,32.98,4.82,4.14,0.48,299.26,305.86,76.93,46.64,3.96,1.79,0.4,277.92,195.68,75.64,37.69,8.2,1.83,0.83,73.35,92.29,73.56,26.18,7.91,2.09,0.8,89.87,87.59,77.36,48.24,3.13,0.29,0.31,174.81,161.16,84.66,34.4,6.18,4.03,0.63,85.02,82.72,81.5,34.27,4.91,3.71,0.51,352.19,77.99,85.71,31.73,4.68,5.45,0.48,259.11,99.01,78.59,28.56,8.33,1.89,0.84,88.83,94.91,62.38,36.27,8.14,1.15,0.83,94.54,95.45,80.19,37.27,6.25,3.43,0.64,296.12,89.84,48.98,26.84,6.27,0.94,0.63,89.66,81.37,79.15,37.78,4.82,3.63,0.5,80.1,86.17,76.89,31.05,6.26,3.38,0.56,83.75,90.52,80.85,26.79,7.41,4.23,0.75,47.46,82.23,80.14,32.31,7.16,2.93,0.73,73.93,92.79,84.59,31.18,4.05,4.93,0.42,74.76,121.98,76.43,46.87,3.51,3.07,0.36,108.24,188.47,74.3,24.24,7.6,2.49,0.77,76.37,86.62,77.94,40.51,8.06,2.49,0.82,93.77,101.84,80.66,35.64,6.99,3.57,0.72,88.52,96.44,63.95,39.93,8.48,2.27,0.85,109.36,99.88
89,2.50E+13,0,46174,46672,46732,40579,41316,41448,42608,43407,43427,43491,45350,31018,36060,36086,42398,42514,43396,43498,43693,44859,44999,46958,89.85,33.3,5.04,4.23,0.5,302.53,312.01,76.81,46.27,3.84,1.78,0.39,282.98,197.9,76.45,37.65,7.99,2.16,0.81,71.41,92.44,74.34,26.21,7.76,2.12,0.78,89.87,88.31,77.45,47.93,3.16,0.63,0.32,175.9,163.82,85.26,34.45,5.86,4.36,0.6,87.36,86.58,81.97,34.36,4.64,3.38,0.48,344.44,80.22,86.14,31.62,4.29,5.6,0.44,254.56,106.89,79.41,28.49,8.17,2.03,0.83,85.83,95.11,63.19,36.18,8.14,1.54,0.82,92.66,95.69,80.8,37.26,5.91,3.39,0.61,289.35,90.66,49.6,26.94,6.24,1.03,0.63,88.05,80.94,79.61,37.83,4.51,3.55,0.47,79.36,83.08,77.44,31.1,6,3.44,0.55,79.71,88.72,81.55,26.93,6.96,5,0.71,40.37,77.33,80.84,32.3,6.83,3.48,0.7,73.15,90.03,84.88,30.98,3.41,5.1,0.35,72.95,127.53,76.35,46.53,3.57,3.49,0.35,108.24,196.07,75.03,24.3,7.21,3.01,0.73,70.48,86.23,78.72,40.39,7.77,3.01,0.79,95.69,99.6,81.34,35.58,6.59,4.23,0.68,89.5,93.17,64.78,39.78,8.46,1.9,0.85,110.91,100.72
90,2.50E+13,0,46174,46672,46732,40579,41316,41448,42608,43407,43427,43491,45350,31018,36060,36086,42398,42514,43396,43498,43693,44859,44999,46958,89.49,33.67,5.25,4.03,0.52,304.56,317.31,76.67,45.89,3.88,1.67,0.4,284.5,201.14,77.24,37.62,7.79,2.33,0.79,67.13,92.25,75.11,26.24,7.58,2.11,0.77,86.82,87.9,77.53,47.63,3.13,1.02,0.31,180.87,166.69,85.83,34.46,5.58,4.51,0.57,92.59,91.24,82.41,34.42,4.36,3.12,0.45,341.77,82.47,86.52,31.47,4,5.61,0.41,246.36,115.35,80.22,28.41,7.95,2.33,0.81,85.18,95.31,64,36.09,8.14,1.47,0.81,92.66,96,81.38,37.26,5.65,3.07,0.58,286.94,89.92,50.22,27.05,6.25,1.07,0.63,84.6,79.84,80.04,37.9,4.24,3.33,0.44,77.33,80.19,77.94,31.17,5.68,3.78,0.5,78.3,86.1,82.2,27.11,6.59,5.34,0.68,33.17,73.53,81.51,32.34,6.52,3.8,0.67,70.22,86.99,85.11,30.8,2.83,5.1,0.29,68.17,132.77,76.23,46.18,3.71,3.75,0.37,105.77,203.05,75.7,24.35,6.74,3.63,0.68,65.23,85.71,79.47,40.28,7.46,3.4,0.76,97.22,97.74,81.98,35.56,6.22,4.58,0.64,89.5,90.12,65.61,39.62,8.4,1.73,0.85,107.09,101.23
91,2.50E+13,0,46174,46672,46732,40579,41316,41448,42608,43407,43427,43491,45350,31018,36060,36086,42398,42514,43396,43498,43693,44859,44999,46958,89.14,34.09,5.5,4.06,0.54,306.61,322.26,76.5,45.54,3.88,2.15,0.39,280.7,206.73,78.01,37.6,7.51,2.69,0.77,60.67,91.72,75.86,26.27,7.37,2.3,0.75,84.68,87.71,77.58,47.32,3.1,1.46,0.31,188.04,171.17,86.38,34.43,5.4,4.39,0.55,96.93,96.05,82.83,34.48,4.15,2.69,0.43,342.96,83.83,86.85,31.27,3.74,5.37,0.38,240.96,124.42,80.99,28.34,7.67,2.64,0.78,85.18,95.3,64.79,36,8.09,1.61,0.8,90.9,96.08,81.93,37.26,5.33,3.01,0.55,286.94,89.22,50.83,27.18,6.17,1.38,0.62,81.85,78.17,80.45,38,4.05,3.31,0.42,78.37,74.88,78.4,31.29,5.38,4.08,0.48,76.33,82.76,82.78,27.33,6.07,5.96,0.62,27.87,67.36,82.13,32.41,6.18,4.21,0.63,68.17,82.77,85.27,30.63,2.27,5.09,0.24,61.36,139.67,76.07,45.85,3.76,3.8,0.37,103.02,209.12,76.34,24.4,6.24,4.4,0.64,61.19,85.11,80.19,40.2,7.09,3.96,0.72,99.19,95.5,82.58,35.59,5.83,5.05,0.6,88.59,85.54,66.44,39.47,8.37,1.47,0.84,99.84,100.69
92,2.50E+13,0,46174,46672,46732,40579,41316,41448,42608,43407,43427,43491,45350,31018,36060,36086,42398,42514,43396,43498,43693,44859,44999,46958,88.82,34.55,5.69,4.02,0.56,309.08,327.48,76.31,45.2,3.94,2.49,0.39,283.05,211.86,78.74,37.59,7.18,3.12,0.73,55.64,90.56,76.58,26.31,7.11,2.66,0.72,81.72,86.08,77.6,47.01,3.05,1.99,0.31,196.77,177.56,86.9,34.34,5.23,4.28,0.53,101.61,101.25,83.25,34.53,4.05,2.07,0.42,353.37,84.24,87.12,31.05,3.45,5.22,0.35,237.11,133.99,81.74,28.27,7.35,2.99,0.75,81.93,95.5,65.59,35.92,8.07,1.66,0.81,86.63,96.01,82.44,37.28,4.99,3.25,0.51,286.16,86.67,51.44,27.33,6.19,1.68,0.63,81.85,75.48,80.83,38.13,3.91,3.21,0.4,78.37,69.82,78.82,31.47,5.06,4.68,0.46,69.25,77.9,83.28,27.6,5.57,6.21,0.57,19.65,60.62,82.7,32.52,5.75,4.85,0.58,65.64,78.3,85.36,30.49,1.58,5.56,0.17,44.52,151.03,75.87,45.53,3.82,3.62,0.38,100.91,216.48,76.93,24.46,5.7,4.82,0.59,55.34,84.35,80.87,40.16,6.69,4.31,0.69,100.71,93.18,83.14,35.66,5.54,5.03,0.57,86.28,80.41,67.27,39.32,8.28,1.58,0.84,98.54,100.22
93,2.50E+13,0,46174,46672,46732,40579,41316,41448,42608,43407,43427,43491,45350,31018,36060,36086,42398,42514,43396,43498,43693,44859,44999,46958,88.53,35.05,5.87,3.7,0.58,310.8,331.61,76.09,44.87,4,2.51,0.4,285.08,215.87,79.43,37.6,6.79,3.54,0.7,52.16,88.85,77.27,26.38,6.83,3.05,0.7,81.72,84.07,77.57,46.71,3.03,2.61,0.31,208.33,185.53,87.41,34.22,5.08,3.92,0.52,108.06,105.83,83.66,34.58,3.95,1.62,0.41,5.22,83.81,87.31,30.81,2.94,5.42,0.31,231.3,145.03,82.45,28.2,6.97,3.42,0.71,78.6,95.46,66.38,35.85,8.03,1.56,0.79,84.88,95.6,82.92,37.32,4.61,3.54,0.48,287.75,84.09,52.04,27.51,6.16,1.88,0.62,81.85,73.28,81.19,38.28,3.8,3.02,0.39,78.37,64.92,79.19,31.7,4.77,4.92,0.44,65.32,71.74,83.72,27.89,5.12,6.12,0.52,14.18,54.3,83.23,32.67,5.33,5.11,0.54,61.41,72.55,85.4,30.38,0.96,5.77,0.11,28.92,172.41,75.62,45.23,3.73,3.4,0.38,102.63,223.41,77.45,24.53,4.98,5.45,0.52,52.17,81.76,81.52,40.13,6.31,4.43,0.65,100.71,90.81,83.67,35.78,5.32,4.95,0.55,83.57,74.53,68.08,39.18,8.18,1.79,0.83,97.52,99.32
94,2.50E+13,0,46174,46672,46732,40579,41316,41448,42608,43407,43427,43491,45350,31018,36060,36086,42398,42514,43396,43498,43693,44859,44999,46958,88.27,35.59,6.03,3.55,0.6,311.68,335.6,75.84,44.56,4.02,2.4,0.4,283.48,220,80.09,37.63,6.36,4.07,0.65,48.3,86.34,77.93,26.48,6.51,3.55,0.66,79.58,80.97,77.52,46.41,3,3,0.3,217.5,192.95,87.88,34.05,4.98,3.71,0.5,117.99,111.05,84.06,34.64,3.88,1.4,0.4,19.32,81.78,87.46,30.56,2.72,5.33,0.28,229.93,155.84,83.12,28.14,6.61,3.53,0.68,76.05,95.38,67.16,35.8,7.98,1.65,0.79,84.88,94.97,83.35,37.39,4.28,3.95,0.44,292.26,78.93,52.63,27.72,6.2,2.2,0.63,76.47,69.97,81.53,38.48,3.86,2.94,0.39,79.84,58.67,79.52,31.97,4.52,5.22,0.42,63.78,64.85,84.06,28.18,4.51,6.79,0.45,3.21,46.18,83.7,32.85,4.94,5.18,0.51,58.37,66.87,85.39,30.32,0.6,5.49,0.06,16.91,216.41,75.35,44.98,3.69,3.2,0.37,106.18,230.28,77.88,24.62,4.17,6.42,0.44,44.38,76.19,82.13,40.14,5.93,4.62,0.61,98.26,87.41,84.17,35.96,5.24,4.82,0.53,80.62,68.13,68.9,39.06,8.1,1.93,0.82,94.08,98.29
95,2.50E+13,0,46174,46672,46732,40579,41316,41448,42608,43407,43427,43491,45350,31018,36060,36086,42398,42514,43396,43498,43693,44859,44999,46958,88.04,36.16,6.24,3.46,0.62,311.68,339.92,75.56,44.26,4.15,2.5,0.41,279.59,224.67,80.7,37.69,5.99,4.46,0.62,40.89,83.03,78.55,26.61,6.17,3.94,0.63,76.78,77.57,77.43,46.12,3.05,3.05,0.31,229.43,200.17,88.34,33.86,4.86,3.31,0.49,135.57,114.94,84.43,34.72,3.74,1.59,0.38,24.35,78.76,87.54,30.31,2.54,4.85,0.26,233.04,166.32,83.76,28.08,6.17,3.78,0.63,73.01,95.07,67.94,35.77,7.93,1.92,0.78,83.5,94.01,83.76,37.49,4.05,3.87,0.42,294.8,74.01,53.21,27.96,6.23,2.48,0.63,72.86,66.7,81.85,38.71,3.96,2.95,0.4,83.98,52.79,79.79,32.28,4.3,5.26,0.41,60.56,56.98,84.32,28.5,4.03,6.81,0.41,1.4,35.7,84.12,33.06,4.58,5.34,0.47,52.84,60.79,85.33,30.31,0.75,5.07,0.06,9.98,270.82,75.05,44.78,3.59,3.34,0.36,109.8,238.77,78.23,24.75,3.39,7.01,0.37,43.01,66.27,82.7,40.19,5.57,4.37,0.57,98.26,84.44,84.65,36.21,5.31,5.11,0.54,75.47,60.07,69.71,38.98,8.02,2.37,0.81,88.54,95.66
96,2.50E+13,0,46174,46672,46732,40579,41316,41448,42608,43407,43427,43491,45350,31018,36060,36086,42398,42514,43396,43498,43693,44859,44999,46958,87.84,36.77,6.42,3.39,0.64,314.5,343.67,75.25,43.97,4.3,2.5,0.42,282.05,228.79,81.27,37.8,5.58,4.97,0.58,32.14,78.4,79.11,26.78,5.8,4.61,0.59,72.08,71.98,77.28,45.86,2.96,3.84,0.29,243.58,212.12,88.77,33.64,4.8,2.88,0.49,161.01,118.38,84.78,34.82,3.57,2.55,0.36,27.69,72.7,87.57,30.07,2.42,4.53,0.25,236.29,178.49,84.34,28.03,5.68,4.04,0.59,68.24,94.63,68.73,35.77,7.91,2.15,0.79,77.47,92.6,84.14,37.63,3.89,3.74,0.4,300.17,67.81,53.77,28.24,6.24,2.64,0.63,70.09,63.46,82.16,38.96,4.08,2.83,0.4,85.1,48.54,80,32.64,4.15,5.21,0.42,54.61,48.19,84.48,28.84,3.62,7.5,0.37,349.19,21.79,84.49,33.3,4.24,5.13,0.44,45.17,54.52,85.24,30.36,1.26,4.9,0.11,8.24,298.16,74.74,44.63,3.48,3.79,0.35,111.21,248.16,78.49,24.91,2.82,6.94,0.3,38.63,53.44,83.24,40.26,5.24,4.17,0.54,96.39,80.88,85.1,36.51,5.39,5.05,0.54,71.27,53.41,70.51,38.94,7.92,2.87,0.8,88.54,92.71
97,2.50E+13,0,46174,46672,46732,40579,41316,41448,42608,43407,43427,43491,45350,31018,36060,36086,42398,42514,43396,43498,43693,44859,44999,46958,87.68,37.4,6.6,3.26,0.65,316.97,346.82,74.91,43.7,4.41,2.68,0.44,289.94,233.71,81.79,37.94,5.21,5.33,0.54,25.93,72.89,79.62,27,5.42,5.07,0.55,67.39,66.04,77.09,45.64,2.95,4.41,0.29,254.56,224.52,89.18,33.39,4.73,2.61,0.48,199.82,121.91,85.11,34.94,3.44,3.73,0.35,26.4,65.54,87.56,29.84,2.19,4.14,0.23,249.59,189.28,84.87,27.99,5.19,4.21,0.54,63.98,94.68,69.49,35.8,7.83,2.5,0.77,75.23,90.96,84.48,37.81,3.76,3.7,0.38,305.36,60.75,54.32,28.53,6.21,2.6,0.62,67.29,60.58,82.47,39.25,4.25,2.45,0.42,85.1,45.19,80.15,33.03,4.07,5.2,0.42,49.76,39.34,84.58,29.18,3.55,6.91,0.36,339.53,9.93,84.79,33.56,3.82,5.6,0.39,33.03,45.14,85.11,30.44,1.72,4.46,0.15,353.34,307.25,74.41,44.53,3.4,4.11,0.34,111.21,255.55,78.67,25.1,2.54,6.69,0.27,34.03,36.12,83.74,40.39,5.04,4.22,0.52,96.39,74.22,85.51,36.88,5.57,5.37,0.56,62.69,45.15,71.31,38.96,7.85,3.51,0.8,92.55,88.64
98,2.50E+13,0,46174,46672,46732,40579,41316,41448,42608,43407,43427,43491,45350,31018,36060,36086,42398,42514,43396,43498,43693,44859,44999,46958,87.55,38.06,6.76,3.03,0.67,318.84,350.17,74.54,43.46,4.41,2.58,0.44,288.93,238.25,82.26,38.12,4.91,5.55,0.51,24.86,66,80.07,27.26,5.07,5.71,0.52,63.19,57.6,76.86,45.45,3.02,4.72,0.3,259.24,235.68,89.57,33.13,4.63,2.4,0.47,219.46,125.08,85.4,35.12,3.41,4.11,0.34,30.6,55.55,87.51,29.64,2.04,3.81,0.21,258.94,200.33,85.37,27.95,4.74,4.15,0.49,59.63,94.49,70.24,35.86,7.72,2.77,0.75,73.53,89.13,84.79,38.03,3.78,3.73,0.39,313.25,52.87,54.85,28.87,6.23,2.63,0.63,65.86,57.31,82.77,39.58,4.48,2.45,0.44,82.32,41.02,80.27,33.44,4.05,4.94,0.43,45,31.03,84.6,29.54,3.59,6.58,0.36,332.52,357.43,85.02,33.83,3.48,5.53,0.36,21.02,35.84,84.97,30.58,2.16,4.01,0.2,335.65,315.22,74.08,44.47,3.31,4.05,0.33,110.2,263.89,78.78,25.33,2.51,6.38,0.25,30.24,18.75,84.22,40.55,4.94,3.69,0.51,98.36,70.27,85.88,37.3,5.67,4.98,0.56,54.32,39.24,72.09,39.02,7.77,3.96,0.78,88.77,84.91
99,2.50E+13,0,46174,46672,46732,40579,41316,41448,42608,43407,43427,43491,45350,31018,36060,36086,42398,42514,43396,43498,43693,44859,44999,46958,87.46,38.75,7.05,3.22,0.7,318.84,353.85,74.14,43.25,4.53,2.89,0.45,292.6,243.78,82.68,38.35,4.72,5.97,0.48,18.4,57.17,80.45,27.56,4.82,5.69,0.49,55.63,50.07,76.59,45.31,3.15,4.79,0.31,262.08,247.15,89.94,32.86,4.5,2.22,0.46,228.7,127.68,85.66,35.34,3.4,4.55,0.34,30.6,43.95,87.42,29.47,1.9,3.62,0.19,268.39,213.06,85.82,27.91,4.34,3.93,0.46,56.36,94.07,71,35.97,7.69,2.95,0.77,75.52,86.8,85.08,38.28,3.87,3.65,0.39,318.44,45.98,55.37,29.24,6.3,2.77,0.64,63.93,53.58,83.06,39.95,4.76,2.48,0.47,80.12,37.56,80.31,33.9,4.15,4.95,0.47,40.5,21.61,84.55,29.9,3.72,5.58,0.37,329.61,347.96,85.2,34.14,3.42,5.17,0.35,7.26,26.01,84.82,30.78,2.65,3.8,0.25,329.11,321.8,73.76,44.45,3.17,4.04,0.32,110.2,271.86,78.83,25.59,2.71,5.88,0.26,21.55,4.18,84.69,40.74,4.91,3.13,0.5,98.36,66.62,86.22,37.78,5.93,4.97,0.59,38.39,33.21,72.85,39.11,7.64,4.18,0.77,85.35,81.57
100,2.50E+13,0,46174,46672,46732,40579,41316,41448,42608,43407,43427,43491,45350,31018,36060,36086,42398,42514,43396,43498,43693,44859,44999,46958,87.4,39.46,7.17,2.98,0.71,317.95,356.38,73.73,43.07,4.54,2.52,0.45,297.81,246.77,83.05,38.62,4.55,5.67,0.46,16.19,50.02,80.77,27.91,4.64,5.83,0.47,50.22,40.58,76.28,45.22,3.33,5.2,0.32,267.84,259.73,90.29,32.57,4.45,2.09,0.46,237.05,130.63,85.88,35.6,3.48,4.44,0.34,29.76,34.39,87.3,29.35,1.75,3.81,0.17,280.5,230.07,86.23,27.89,3.92,3.79,0.41,50.7,93.41,71.73,36.09,7.63,3.04,0.74,71.81,84.35,85.35,38.59,4.08,3.44,0.41,322.74,39.77,55.87,29.63,6.33,2.61,0.64,62.01,50.86,83.35,40.34,4.93,2.17,0.49,81.32,35.15,80.31,34.39,4.29,4.67,0.48,36.05,13.59,84.44,30.27,3.89,4.85,0.38,323.41,339.91,85.32,34.46,3.49,4.73,0.35,355.59,16.56,84.66,31.05,3.19,3.94,0.31,331.6,328.79,73.45,44.49,3.09,4.05,0.31,108.69,281.38,78.82,25.89,3.11,5.21,0.3,16.6,353.78,85.14,40.95,4.88,2.71,0.5,98.36,63.11,86.52,38.31,6.14,4.74,0.61,22.2,27.87,73.6,39.25,7.51,4.52,0.76,80.86,77.51
101,2.50E+13,0,46174,46672,46732,40579,41316,41448,42608,43407,43427,43491,45350,31018,36060,36086,42398,42514,43396,43498,43693,44859,44999,46958,87.38,40.18,7.25,2.69,0.72,321.15,359.13,73.32,42.9,4.45,2.31,0.45,302.98,250,83.38,38.93,4.44,5.27,0.45,13.67,42.23,81.03,28.29,4.58,5.54,0.46,46.26,32.16,75.94,45.18,3.54,5.09,0.34,271.09,268.08,90.62,32.28,4.29,1.92,0.44,241.71,131.98,86.05,35.92,3.64,4.31,0.36,26.81,25.39,87.15,29.26,1.72,3.69,0.17,288.85,244.25,86.6,27.88,3.54,3.58,0.37,47.05,92.06,72.48,36.28,7.64,3.11,0.77,68.85,81.56,85.61,38.93,4.31,3.15,0.43,327.53,34.92,56.36,30.05,6.37,2.45,0.64,60.42,48.16,83.65,40.78,5.3,2.12,0.53,76.06,33.2,80.25,34.89,4.5,4.42,0.51,30.19,6.41,84.28,30.63,4.07,3.95,0.4,320.24,333.94,85.4,34.82,3.66,4.1,0.36,340.11,9.54,84.5,31.35,3.58,3.66,0.34,331.6,332.13,73.16,44.57,2.97,3.84,0.3,108.69,289.4,78.76,26.22,3.43,4.26,0.33,18.47,347.77,85.58,41.21,5.05,2.72,0.51,92.38,58.44,86.79,38.88,6.35,4.2,0.63,6.77,23.34,74.32,39.45,7.47,4.57,0.75,78.14,73.01
102,2.50E+13,0,46174,46672,46732,40579,41316,41448,42608,43407,43427,43491,45350,31018,36060,36086,42398,42514,43396,43498,43693,44859,44999,46958,87.38,40.9,7.23,2.31,0.72,318.28,1.15,72.91,42.77,4.2,2.62,0.43,314.05,254,83.64,39.29,4.46,5.27,0.44,351.25,33.1,81.25,28.7,4.6,5.11,0.46,41.11,24.45,75.57,45.19,3.76,4.48,0.37,272.71,274.72,90.93,31.99,4.13,1.91,0.42,244.39,133.75,86.18,36.27,3.8,4.33,0.37,21.12,16.77,87,29.2,1.74,3.41,0.17,296,256.39,86.93,27.88,3.16,3.46,0.33,42.66,89.65,73.18,36.48,7.54,3.19,0.74,66.14,79.12,85.84,39.32,4.59,3.25,0.45,337.25,29.35,56.82,30.49,6.38,2.23,0.64,57.91,45.86,83.94,41.26,5.59,2.03,0.56,72.96,31.2,80.16,35.41,4.72,3.97,0.53,25.22,0.41,84.09,31.01,4.27,2.95,0.42,320.24,330.89,85.44,35.2,3.86,3.69,0.38,338.6,3.36,84.33,31.68,3.92,3.2,0.38,333.7,334.42,72.9,44.68,2.78,3.36,0.28,108.01,295.61,78.68,26.57,3.73,3.43,0.36,27.79,343.62,86,41.5,5.17,3.03,0.51,88.85,53.85,87.02,39.49,6.54,3.66,0.65,355.95,19.56,75.02,39.72,7.43,4.89,0.75,75.75,67.68
103,2.50E+13,0,46174,46672,46732,40579,41316,41448,42608,43407,43427,43491,45350,31018,36060,36086,42398,42514,43396,43498,43693,44859,44999,46958,87.4,41.61,7.1,2.16,0.71,318.28,2.74,72.52,42.67,3.94,2.93,0.41,321.28,257.39,83.86,39.68,4.52,4.93,0.45,339.22,25.79,81.41,29.14,4.67,4.47,0.47,32.62,18.14,75.19,45.24,3.93,3.57,0.38,272.71,279.39,91.21,31.71,3.94,1.99,0.4,247.47,135.56,86.27,36.65,4,4.12,0.39,10.3,9.78,86.82,29.18,1.8,3.07,0.18,300.26,267.78,87.21,27.88,2.71,3.52,0.28,36.81,87.56,73.87,36.72,7.43,3.44,0.73,67.04,76.27,86.05,39.76,4.88,3.5,0.48,335.05,23.94,57.27,30.95,6.4,2.12,0.64,55.79,43.51,84.24,41.76,5.82,1.78,0.58,68.79,29.92,80.03,35.97,5.01,3.68,0.57,18.78,355.33,83.87,31.39,4.45,2.15,0.44,322.22,328.66,85.44,35.59,4.03,3.26,0.39,335.72,358.26,84.16,32.07,4.3,3.02,0.42,332.77,336.98,72.69,44.78,2.25,3.34,0.23,100.37,300.14,78.56,26.96,4.14,2.85,0.41,27.79,341.78,86.41,41.82,5.21,2.8,0.52,86.7,50.17,87.22,40.13,6.68,3.04,0.67,341.51,16.62,75.7,40.04,7.43,4.93,0.75,73.38,62.96
104,2.50E+13,0,46174,46672,46732,40579,41316,41448,42608,43407,43427,43491,45350,31018,36060,36086,42398,42514,43396,43498,43693,44859,44999,46958,87.45,42.32,7.02,2.2,0.71,319.24,4.59,72.14,42.6,3.67,3.26,0.38,328.29,261.11,84.04,40.11,4.74,4.4,0.46,333.52,19.96,81.52,29.59,4.65,4.05,0.46,23.34,11.83,74.81,45.3,3.94,2.33,0.39,271.3,281.44,91.46,31.44,3.62,2.31,0.37,251.83,136.9,86.31,37.06,4.22,3.76,0.41,4.31,4.03,86.65,29.19,1.77,2.77,0.18,307.62,278.88,87.46,27.91,2.27,3.57,0.24,27.8,83.82,74.52,36.99,7.27,3.66,0.7,62.87,73.42,86.23,40.23,5.15,3.28,0.51,340.52,19.82,57.7,31.43,6.45,1.99,0.64,57.6,41.35,84.53,42.28,6.04,1.52,0.6,65.59,28.68,79.89,36.51,5.23,3.34,0.56,14.42,351.64,83.64,31.77,4.55,1.23,0.45,325.09,328.29,85.41,36.01,4.31,2.88,0.42,331.09,354.59,83.99,32.49,4.6,2.65,0.45,332.77,338.95,72.52,44.88,1.85,3.51,0.2,96.34,305.25,78.43,27.37,4.37,2.07,0.43,18.47,340.93,86.81,42.18,5.37,2.62,0.53,77.6,46.8,87.41,40.77,6.7,2.32,0.67,332.31,14.94,76.35,40.41,7.42,4.74,0.75,68.02,58.42
105,2.50E+13,0,46174,46672,46732,40579,41316,41448,42608,43407,43427,43491,45350,31018,36060,36086,42398,42514,43396,43498,43693,44859,44999,46958,87.51,42.98,6.61,2.83,0.66,303.82,5.76,71.8,42.56,3.36,3.54,0.35,342.11,266.88,84.18,40.57,5.01,3.89,0.49,331.9,15.19,81.59,30.05,4.65,3.68,0.46,7.27,6.47,74.43,45.38,3.86,1.54,0.39,270.14,283.42,91.69,31.18,3.34,2.55,0.34,258.75,139.17,86.33,37.49,4.37,3.24,0.43,1.07,359.36,86.47,29.23,1.79,2.48,0.18,312.34,287.82,87.65,27.94,1.82,3.74,0.2,18.76,77.17,75.14,37.29,7.12,3.81,0.69,60.81,70.43,86.4,40.74,5.39,2.89,0.53,345.85,16.7,58.13,31.92,6.5,1.56,0.65,59.2,40.12,84.82,42.83,6.24,1.22,0.62,57.74,27.82,79.72,37.09,5.5,2.67,0.6,6.3,348.61,83.4,32.18,4.73,0.67,0.47,329.18,328.71,85.36,36.45,4.54,2.31,0.44,328.16,352.57,83.83,32.93,4.82,2.17,0.47,334.77,340.9,72.4,44.98,1.41,3.85,0.15,93.36,310.9,78.29,27.81,4.61,1.58,0.46,21.96,341.3,87.2,42.57,5.55,2.5,0.56,61.87,43.52,87.59,41.37,6.5,1.87,0.63,320.51,14.08,76.95,40.83,7.38,4.62,0.74,61.98,53.92
106,2.50E+13,0,46174,46672,46732,40579,41316,41448,42608,43407,43427,43491,45350,31018,36060,36086,42398,42514,43396,43498,43693,44859,44999,46958,87.57,43.6,6.16,3.52,0.62,295.76,6.07,71.5,42.55,2.86,3.83,0.3,358.8,270.11,84.31,41.08,5.3,3.27,0.52,328.95,12.32,81.62,30.51,4.64,3.59,0.46,353.92,1.04,74.07,45.47,3.63,1.66,0.37,270.14,284.7,91.89,30.94,3.09,2.61,0.32,263.34,141.43,86.3,37.94,4.57,2.92,0.45,349.93,355.24,86.31,29.3,1.83,2.26,0.18,316.41,295.97,87.8,28,1.47,3.7,0.16,9.78,67.57,75.72,37.61,6.95,3.88,0.67,59.45,67.4,86.54,41.27,5.6,2.61,0.56,352.28,13.44,58.55,32.43,6.53,1.1,0.66,60.68,39.65,85.11,43.4,6.38,1.11,0.63,50.81,26.65,79.54,37.66,5.68,1.87,0.61,0.3,346.45,83.15,32.61,4.94,0.61,0.49,336.86,329.42,85.3,36.93,4.84,2.04,0.48,331.26,351.17,83.68,33.39,4.97,1.77,0.49,338.47,343.18,72.31,45.06,1.05,3.75,0.12,90.65,320.03,78.15,28.26,4.77,1.1,0.47,24.03,342.31,87.57,42.98,5.54,2.08,0.55,58.83,41.34,87.74,41.97,6.24,2.14,0.62,300.79,13.04,77.53,41.31,7.44,4.8,0.75,61.23,48.82
107,2.50E+13,0,46174,46672,46732,40579,41316,41448,42608,43407,43427,43491,45350,31018,36060,36086,42398,42514,43396,43498,43693,44859,44999,46958,87.62,44.16,5.5,4.47,0.57,288.37,5.9,71.23,42.57,2.46,4.11,0.26,13.96,277.14,84.41,41.61,5.54,2.8,0.54,324.6,9.88,81.6,30.97,4.62,3.32,0.46,346.36,356.05,73.74,45.55,3.23,2.47,0.33,270.14,284.72,92.07,30.7,2.82,2.64,0.29,268.97,144.42,86.25,38.41,4.71,2.49,0.47,346.48,352.04,86.15,29.4,1.83,2.23,0.18,319.15,305.52,87.91,28.06,1.17,3.58,0.13,4.25,53.71,76.29,37.98,6.85,3.8,0.68,60.57,64.1,86.65,41.83,5.77,2.39,0.57,353.13,10.5,58.97,32.93,6.55,0.71,0.66,58,39.57,85.39,43.98,6.44,0.8,0.64,46.68,25.83,79.36,38.25,5.82,1.23,0.61,349.3,345.08,82.9,33.04,5.02,0.57,0.5,342.51,330.53,85.21,37.41,5,1.68,0.49,332.74,349.26,83.53,33.88,5.12,1.23,0.51,339.99,343.81,72.26,45.12,0.67,3.54,0.08,87.04,325.46,78.01,28.73,4.92,0.84,0.49,28.1,342.93,87.92,43.39,5.41,1.95,0.54,56.92,39.05,87.87,42.54,5.83,2.91,0.58,302.22,12.01,78.07,41.82,7.45,4.34,0.75,62.17,45.37
108,2.50E+13,0,46174,46672,46732,40579,41316,41448,42608,43407,43427,43491,45350,31018,36060,36086,42398,42514,43396,43498,43693,44859,44999,46958,87.66,44.68,4.85,5.42,0.52,278.19,3.82,71.03,42.64,2.04,4.81,0.21,27.79,292.75,84.5,42.16,5.73,2.14,0.56,325.98,8.12,81.55,31.43,4.61,3.01,0.46,341.07,351.86,73.47,45.62,2.62,3.73,0.28,267.23,284.06,92.21,30.47,2.6,2.68,0.27,277.01,149.44,86.17,38.87,4.8,2.01,0.48,339.12,349.59,86.02,29.52,1.87,2.56,0.19,321.79,317.9,87.98,28.13,0.95,3.33,0.1,357.81,35.42,76.83,38.38,6.78,3.7,0.67,55.94,60.64,86.75,42.41,5.87,2.03,0.58,350.93,8.38,59.38,33.44,6.47,0.89,0.65,58,39.43,85.67,44.56,6.43,0.75,0.64,44.13,25.01,79.18,38.82,5.88,0.9,0.6,346.64,344.39,82.66,33.5,5.21,1.27,0.52,343.26,332.73,85.1,37.91,5.14,1.29,0.51,333.92,347.69,83.39,34.38,5.18,0.7,0.52,342.26,344.19,72.23,45.18,0.46,2.98,0.06,87.04,344.54,77.86,29.21,5.03,0.74,0.5,30.68,343.57,88.23,43.8,5.1,2.35,0.51,43.57,36.78,87.98,43.09,5.46,3.49,0.56,306.9,11.13,78.59,42.36,7.44,3.81,0.75,61.2,42.26
109,2.50E+13,0,46174,46672,46732,40579,41316,41448,42608,43407,43427,43491,45350,31018,36060,36086,42398,42514,43396,43498,43693,44859,44999,46958,87.68,45.14,4.35,5.43,0.46,275.38,359.69,70.89,42.73,1.68,5.23,0.18,15.13,311.63,84.57,42.74,5.84,1.43,0.58,328.6,6.97,81.47,31.88,4.58,2.6,0.46,331.18,348.53,73.25,45.67,2.13,4.3,0.24,266.18,284.21,92.33,30.25,2.36,2.77,0.25,281.14,154.48,86.07,39.35,4.83,1.63,0.48,331.73,347.32,85.9,29.68,1.97,2.78,0.19,324.56,328.71,88.02,28.22,0.89,2.96,0.09,351.84,15.15,77.35,38.8,6.72,3.41,0.67,54.98,57.57,86.82,43,5.96,1.81,0.6,345.69,6.21,59.79,33.93,6.31,1.38,0.64,61.32,39.76,85.93,45.13,6.29,1.17,0.63,49.09,24.31,79.03,39.43,6,0.69,0.63,350.56,344.99,82.43,33.98,5.36,1.35,0.53,345.47,334.48,85,38.43,5.32,0.87,0.53,330.31,347.68,83.25,34.87,5.18,0.39,0.52,344.1,344.29,72.23,45.22,0.29,2.24,0.04,88.89,1.56,77.74,29.7,5.09,0.85,0.51,32.62,345.48,88.51,44.19,4.8,2.76,0.49,27.65,35.1,88.08,43.61,4.93,4.36,0.53,310.92,10.94,79.07,42.92,7.36,3.54,0.74,62.51,39.03
110,2.50E+13,0,46174,46672,46732,40579,41316,41448,42608,43407,43427,43491,45350,31018,36060,36086,42398,42514,43396,43498,43693,44859,44999,46958,87.65,45.55,3.89,5.64,0.41,278.76,353.56,70.79,42.86,1.62,5.45,0.16,17.76,334.89,84.65,43.31,5.83,0.59,0.58,335.16,6.89,81.37,32.33,4.52,2.31,0.45,321.9,345.37,73.07,45.72,1.57,4.58,0.18,265.19,283.61,92.41,30.04,2.15,2.67,0.22,285.57,159.64,85.96,39.82,4.83,1.19,0.48,327.44,346.12,85.81,29.86,2.1,2.78,0.2,325.78,337.81,88.04,28.31,1.01,2.52,0.1,347.07,0.06,77.85,39.23,6.65,3.17,0.66,54.98,54.6,86.88,43.61,6.05,1.44,0.61,339.06,4.95,60.2,34.41,6.21,1.61,0.63,64.83,40.33,86.18,45.7,6.12,1.67,0.62,55.72,23.41,78.9,40.03,6.03,0.93,0.61,346.9,345.89,82.21,34.48,5.5,1.49,0.55,352.27,336.74,84.89,38.96,5.4,0.38,0.54,330.31,347.96,83.11,35.37,5.13,0.67,0.52,344.73,344.6,72.23,45.24,0.21,1.36,0.03,94.26,7.44,77.62,30.19,5.1,1.18,0.51,32.62,347.52,88.76,44.56,4.43,3.31,0.45,20.92,32.7,88.17,44.08,4.38,5.29,0.48,315.04,10.19,79.52,43.5,7.2,3.11,0.73,62.51,36.87
111,2.50E+13,0,46174,46672,46732,40579,41316,41448,42608,43407,43427,43491,45350,31018,36060,36086,42398,42514,43396,43498,43693,44859,44999,46958,87.58,45.92,3.6,5.37,0.38,277.76,344.93,70.75,43.03,1.82,5.5,0.17,22.98,355.64,84.72,43.88,5.71,0.78,0.57,343.11,6.8,81.25,32.76,4.44,1.91,0.45,317.72,343.45,72.95,45.75,1.04,4.5,0.12,263.65,284.41,92.47,29.84,1.98,2.76,0.21,289.65,168.44,85.84,40.28,4.79,0.98,0.48,323.09,345.3,85.75,30.08,2.3,2.73,0.22,327.64,345.91,88.03,28.42,1.13,2.18,0.11,347.07,347.71,78.33,39.69,6.63,2.88,0.67,55.72,51.88,86.92,44.2,5.96,1.31,0.6,329.32,3.77,60.61,34.88,6.18,1.64,0.63,66.31,41.72,86.41,46.25,5.87,2.3,0.6,61.72,22.36,78.79,40.61,5.99,1.49,0.59,349.58,347.03,82,34.99,5.6,1.53,0.56,355.59,338.88,84.78,39.49,5.43,0.16,0.54,330.31,348,82.98,35.86,4.99,1.18,0.5,349.16,345.6,72.23,45.26,0.17,0.76,0.02,94.26,17.76,77.53,30.69,5.08,1.53,0.51,33.5,350.27,88.96,44.91,3.9,4.08,0.4,358.7,29.92,88.24,44.49,3.78,5.33,0.41,319.91,9.53,79.93,44.07,6.96,2.93,0.71,63.75,35.35
112,2.50E+13,0,46174,46672,46732,40579,41316,41448,42608,43407,43427,43491,45350,31018,36060,36086,42398,42514,43396,43498,43693,44859,44999,46958,87.46,46.26,3.5,5.07,0.36,276.14,335.67,70.77,43.23,2.18,5.21,0.2,26.54,10.94,84.78,44.44,5.59,1.33,0.56,350.07,6.64,81.12,33.18,4.35,1.58,0.44,310.09,342.35,72.87,45.76,0.64,3.97,0.08,260.75,281.36,92.49,29.66,1.75,2.85,0.18,293.11,177.79,85.73,40.75,4.76,0.78,0.48,322.51,345.87,85.7,30.32,2.6,2.54,0.25,329.31,350,87.97,28.54,1.32,2.12,0.13,344.39,334.45,78.79,40.18,6.61,2.76,0.67,56.62,49.03,86.96,44.78,5.84,1.39,0.59,318.63,2.95,61.02,35.34,6.05,1.79,0.61,67.27,42.76,86.61,46.77,5.5,3.03,0.56,83,20.07,78.71,41.19,5.92,1.85,0.58,351.42,348.48,81.81,35.52,5.57,1.43,0.56,357.21,340.66,84.66,40.03,5.5,0.27,0.55,330.31,347.85,82.87,36.34,4.84,1.55,0.49,355.66,346.64,72.24,45.28,0.15,0.39,0.02,93.36,14.23,77.46,31.2,5.11,1.62,0.51,25.4,352.61,89.12,45.2,3.25,4.73,0.33,341.19,26.37,88.3,44.82,2.94,5.76,0.34,330.56,10.61,80.32,44.62,6.67,2.99,0.68,66.59,34.34
113,2.50E+13,0,46174,46672,46732,40579,41316,41448,42608,43407,43427,43491,45350,31018,36060,36086,42398,42514,43396,43498,43693,44859,44999,46958,87.28,46.57,3.55,4.67,0.36,280.79,326.55,70.84,43.46,2.54,4.74,0.24,30.27,21.29,84.84,44.98,5.38,1.94,0.55,353.73,5.86,80.99,33.59,4.27,1.36,0.43,308.97,341.38,72.8,45.78,0.55,2.55,0.08,257.18,284.37,92.48,29.5,1.62,2.87,0.17,296,188.37,85.61,41.21,4.73,0.83,0.48,320.89,346.1,85.66,30.59,2.79,2.2,0.27,327.57,353.52,87.89,28.68,1.64,2.15,0.16,342.17,328.14,79.22,40.65,6.56,2.57,0.64,56.62,46.69,87,45.35,5.62,1.78,0.57,311.67,3.31,61.43,35.77,5.93,1.9,0.6,68.11,44.14,86.77,47.27,5.08,3.77,0.53,94.39,17.43,78.66,41.77,5.89,2.16,0.59,356.26,350.77,81.64,36.06,5.64,1.51,0.57,358.58,342.84,84.55,40.57,5.51,0.45,0.55,337.59,348.44,82.77,36.8,4.65,1.9,0.47,5.78,348.27,72.24,45.29,0.1,0.37,0.01,92.01,15.36,77.4,31.72,5.17,1.59,0.52,18.76,354.74,89.21,45.43,2.41,5.61,0.24,329.58,21.44,88.35,45.08,2.27,5.52,0.26,322.88,10.26,80.69,45.16,6.3,3.27,0.65,73.71,33.94
114,2.50E+13,0,46174,46672,46732,40579,41316,41448,42608,43407,43427,43491,45350,31018,36060,36086,42398,42514,43396,43498,43693,44859,44999,46958,87.05,46.86,3.76,4.09,0.38,280.79,319.24,70.95,43.7,2.83,3.96,0.27,30.27,27.6,84.88,45.5,5.11,2.35,0.52,358.4,5.08,80.85,33.99,4.17,1.32,0.42,308.97,340.37,72.74,45.8,0.5,1.45,0.06,252.78,291.48,92.44,29.35,1.56,2.91,0.16,298.52,200.94,85.48,41.67,4.74,0.8,0.48,312.17,344.32,85.63,30.88,3.01,1.95,0.29,330.26,356.18,87.79,28.84,1.9,2.07,0.19,337.94,324.04,79.63,41.14,6.51,2.52,0.64,56.62,44.44,87.03,45.89,5.36,2.29,0.55,318.13,3.42,61.85,36.18,5.83,1.89,0.59,68.11,45.67,86.91,47.74,4.7,4.1,0.49,139.22,14.81,78.64,42.33,5.81,2.41,0.56,353.71,353.17,81.48,36.59,5.58,1.5,0.56,359.22,344.41,84.44,41.11,5.47,0.62,0.55,344.04,348.64,82.69,37.25,4.48,2.04,0.46,14.44,350.01,72.26,45.3,0.22,0.32,0.02,86.18,62.4,77.37,32.25,5.18,1.65,0.52,14.94,357.3,89.28,45.61,1.78,5.56,0.2,328.25,17.12,88.38,45.27,1.73,4.93,0.2,321.29,11.27,81.03,45.66,5.86,3.77,0.61,78.62,33.87
115,2.50E+13,0,46174,46672,46732,40579,41316,41448,42608,43407,43427,43491,45350,31018,36060,36086,42398,42514,43396,43498,43693,44859,44999,46958,86.78,47.16,4.02,3.45,0.4,284.62,314.54,71.1,43.95,3.01,3.16,0.29,31.78,33.61,84.92,46,4.89,2.48,0.5,5.21,3.76,80.71,34.38,4.06,1.29,0.41,310.86,340.2,72.68,45.82,0.57,0.41,0.06,249.56,291.42,92.37,29.21,1.6,2.81,0.16,300.41,213.5,85.35,42.13,4.74,0.84,0.48,311.3,343.06,85.61,31.2,3.22,1.58,0.32,332.48,357.43,87.66,29,2.16,2.08,0.21,331.26,320.31,80.02,41.64,6.41,2.61,0.63,55.31,42.33,87.06,46.39,4.87,3.28,0.49,315.15,3.31,62.28,36.58,5.75,1.79,0.58,70.02,47.26,87,48.18,4.33,4.23,0.45,161.61,10.57,78.65,42.9,5.74,2.65,0.56,0.75,356.05,81.35,37.15,5.62,1.7,0.57,0.55,347.23,84.33,41.67,5.57,0.48,0.56,348.25,348.65,82.62,37.68,4.29,2.12,0.44,17.38,351.61,72.3,45.31,0.41,0.92,0.04,83.42,80.65,77.35,32.77,5.19,1.4,0.53,350.72,358.42,89.32,45.76,1.26,5.21,0.15,324.76,9.35,88.42,45.42,1.22,4.45,0.15,315.17,14.97,81.34,46.13,5.44,4.06,0.57,83.77,34.32
116,2.50E+13,0,46174,46672,46732,40579,41316,41448,42608,43407,43427,43491,45350,31018,36060,36086,42398,42514,43396,43498,43693,44859,44999,46958,86.46,47.48,4.48,3.08,0.45,284.62,312.52,71.27,44.19,3.04,2.25,0.3,31.78,37.84,84.95,46.48,4.65,2.52,0.48,16.51,3.35,80.59,34.77,3.98,1.23,0.41,315.39,342.3,72.62,45.84,0.64,0.39,0.06,245.91,285.7,92.26,29.08,1.7,2.89,0.16,302.4,226.33,85.2,42.58,4.74,1,0.48,310.72,341.25,85.6,31.53,3.41,1.33,0.34,331.78,358.54,87.5,29.17,2.4,2.01,0.23,328.46,317.48,80.38,42.13,6.3,2.63,0.6,53.93,40.31,87.08,46.86,4.54,3.46,0.47,309.56,3.49,62.7,36.96,5.69,1.67,0.57,70.02,48.81,87.03,48.59,3.92,4.79,0.41,197.33,2.14,78.72,43.45,5.66,2.89,0.56,6.8,359.46,81.24,37.73,5.81,1.71,0.59,359.83,349.68,84.21,42.23,5.68,0.28,0.57,341.62,348.39,82.57,38.1,4.14,2.06,0.43,17.38,353.34,72.36,45.31,0.68,1.54,0.06,84.61,86.6,77.33,33.31,5.29,1.04,0.54,336.04,359.15,89.33,45.86,0.78,4.75,0.1,336.78,358.29,88.45,45.5,0.68,4.11,0.08,313.32,20.23,81.64,46.56,5,4.05,0.52,86.97,34.77
117,2.50E+13,0,46174,46672,46732,40579,41316,41448,42608,43407,43427,43491,45350,31018,36060,36086,42398,42514,43396,43498,43693,44859,44999,46958,86.1,47.8,4.93,2.79,0.49,289.21,311.15,71.46,44.42,2.95,1.68,0.29,35.09,41.19,84.97,46.93,4.41,2.54,0.45,29.68,2.05,80.48,35.15,3.95,1.34,0.4,318.14,344.76,72.55,45.85,0.76,1.04,0.07,238.12,275.3,92.12,28.98,1.83,2.82,0.18,301.31,236.91,85.03,43.03,4.77,1.26,0.48,301.52,339.04,85.59,31.88,3.58,1.08,0.35,333.64,358.31,87.32,29.36,2.68,2.01,0.26,325.83,315.37,80.7,42.6,6.11,2.7,0.57,52.83,38.48,87.11,47.3,4.27,3.19,0.45,314.7,3.07,63.14,37.33,5.63,1.61,0.57,70.02,50.49,87.01,48.95,3.56,5.02,0.37,221.94,353.53,78.81,43.98,5.57,3.02,0.54,8.04,2.81,81.15,38.32,5.95,1.58,0.6,0.51,351.43,84.09,42.79,5.71,0.45,0.58,343.24,347.63,82.53,38.53,4.12,1.76,0.43,24.63,355.06,72.44,45.32,0.9,1.63,0.08,84.61,85.98,77.33,33.87,5.46,0.73,0.56,343.38,359.93,89.33,45.91,0.32,4.49,0.05,349.37,330.89,88.46,45.54,0.3,3.59,0.05,310.27,17.71,81.91,46.96,4.62,3.81,0.48,89.98,33.93
118,2.50E+13,0,46174,46672,46732,40579,41316,41448,42608,43407,43427,43491,45350,31018,36060,36086,42398,42514,43396,43498,43693,44859,44999,46958,85.71,48.14,5.2,2.4,0.51,293.65,309.84,71.65,44.63,2.86,1.57,0.29,37.82,43.85,84.98,47.36,4.17,2.51,0.43,39.02,0.57,80.39,35.54,3.98,1.32,0.4,316.09,346.97,72.46,45.84,0.95,1.47,0.09,227.75,265.66,91.96,28.89,1.87,2.47,0.18,303.09,245.73,84.85,43.47,4.8,1.29,0.48,299.5,337.2,85.58,32.25,3.69,0.74,0.37,330.84,357.79,87.12,29.57,2.97,2,0.29,326.49,314.29,81.01,43.06,5.94,2.82,0.56,49.78,36.67,87.12,47.72,4,2.93,0.42,317.88,3.11,63.58,37.67,5.57,1.65,0.56,70.02,52.47,86.95,49.3,3.38,4.75,0.35,230.87,345.54,78.91,44.49,5.43,3.04,0.52,9.9,5.77,81.06,38.94,6.18,1.36,0.62,2.14,352.53,83.95,43.34,5.69,0.83,0.57,347.09,346.15,82.48,38.96,4.1,1.31,0.43,22.63,354.83,72.57,45.33,1.32,2.39,0.12,69.23,83.57,77.33,34.43,5.55,0.57,0.56,339.81,0.65,89.32,45.91,0.26,3.84,0.01,359.19,231.86,88.45,45.56,0.07,3.02,0.01,307.34,256.76,82.15,47.33,4.24,3.63,0.44,90.58,33.22
119,2.50E+13,0,46174,46672,46732,40579,41316,41448,42608,43407,43427,43491,45350,31018,36060,36086,42398,42514,43396,43498,43693,44859,44999,46958,85.29,48.49,5.58,2.32,0.55,298.43,309.63,71.85,44.84,2.73,1.52,0.28,40.99,44.57,84.98,47.77,3.94,2.43,0.4,43.49,359.07,80.3,35.94,4.01,1.32,0.41,329.85,349.11,72.35,45.82,1.31,2.29,0.12,211.05,254.76,91.78,28.83,1.91,2.43,0.19,304.56,256.43,84.65,43.92,4.8,1.4,0.48,300.25,335.06,85.55,32.62,3.76,0.85,0.38,335.32,354.67,86.89,29.78,3.26,1.96,0.32,321.35,312.67,81.28,43.53,5.76,2.83,0.54,49.78,34.92,87.15,48.11,3.75,2.62,0.39,319.17,3.72,64.02,38.01,5.49,1.46,0.55,71.25,53.4,86.83,49.61,3.3,4.43,0.33,238.49,336.41,79.04,44.99,5.33,2.85,0.51,9.9,8.48,80.98,39.56,6.3,1.12,0.63,357.22,353.41,83.8,43.89,5.71,1.33,0.57,349.53,343.47,82.44,39.37,4.02,1.16,0.41,24.49,355.27,72.72,45.36,1.77,3.08,0.16,69.23,79.89,77.34,34.99,5.67,0.41,0.57,338.65,0.87,89.3,45.88,0.39,2.6,0.03,3.98,215.44,88.43,45.55,0.33,2.46,0.02,305.64,226.72,82.37,47.68,3.94,3.28,0.41,86.07,30.86
120,2.50E+13,0,46174,46672,46732,40579,41316,41448,42608,43407,43427,43491,45350,31018,36060,36086,42398,42514,43396,43498,43693,44859,44999,46958,84.84,48.86,5.93,2.27,0.58,301.21,309.26,72.03,45.04,2.7,1.12,0.27,47.15,40.98,84.96,48.15,3.78,2.21,0.39,44.68,357.13,80.24,36.35,4.13,1.41,0.42,306.08,351.78,72.21,45.77,1.56,2.48,0.14,195.37,249.15,91.59,28.8,1.98,2.25,0.19,304.56,264.07,84.44,44.35,4.81,1.67,0.48,304.53,331.89,85.5,33,3.81,0.94,0.38,331.88,352.83,86.64,30.01,3.48,1.64,0.34,319.9,311.92,81.53,43.99,5.59,2.86,0.52,45.91,32.56,87.18,48.47,3.56,2.08,0.37,322.08,4.51,64.46,38.33,5.44,1.22,0.55,71.25,54.04,86.67,49.91,3.38,4.02,0.34,242.66,328.25,79.2,45.48,5.27,2.64,0.52,13.55,11.42,80.9,40.2,6.49,0.93,0.65,357.22,353.66,83.62,44.44,5.72,1.79,0.57,346.14,341.18,82.4,39.77,3.97,0.99,0.4,25.98,354.95,72.91,45.4,2.09,2.88,0.19,61.71,77.87,77.34,35.56,5.73,0.2,0.57,341.46,0.22,89.28,45.84,0.57,1.92,0.05,4.68,203.57,88.38,45.53,0.64,2.13,0.06,296.14,246.63,82.55,48.01,3.63,3.17,0.38,80.84,27.58
121,2.50E+13,0,46174,46672,46732,40579,41316,41448,42608,43407,43427,43491,45350,31018,36060,36086,42398,42514,43396,43498,43693,44859,44999,46958,84.36,49.25,6.29,2.22,0.62,306.09,309.74,72.2,45.24,2.6,1.24,0.27,47.15,39.62,84.93,48.53,3.75,1.82,0.38,44.68,354.49,80.18,36.76,4.2,1.1,0.42,282.36,352.73,72.06,45.71,1.8,2.5,0.17,173.85,244.63,91.39,28.8,2.06,2.22,0.2,301.85,271.96,84.2,44.76,4.71,1.67,0.48,304.53,329.93,85.45,33.38,3.84,0.97,0.38,330.5,351.42,86.37,30.25,3.65,1.29,0.36,319.9,310.85,81.75,44.43,5.36,2.94,0.49,42.61,30.51,87.21,48.82,3.43,1.67,0.35,322.08,4.4,64.9,38.64,5.35,1.23,0.54,71.25,54.77,86.47,50.19,3.53,3.74,0.35,246.3,321.45,79.36,45.96,5.2,2.24,0.51,15.79,13.61,80.82,40.86,6.65,0.75,0.66,0.3,353.26,83.41,44.98,5.79,2.12,0.58,344.15,338.26,82.35,40.17,3.96,0.83,0.4,24.91,353.09,73.13,45.47,2.5,3.01,0.23,48.21,70.59,77.34,36.15,5.87,0.34,0.59,343.44,359.68,89.25,45.78,0.69,1.33,0.06,11.31,199.46,88.3,45.51,0.93,2.23,0.08,293.68,255.45,82.67,48.36,3.5,3.27,0.37,75.87,18.87
122,2.50E+13,0,46174,46672,46732,40579,41316,41448,42608,43407,43427,43491,45350,31018,36060,36086,42398,42514,43396,43498,43693,44859,44999,46958,83.86,49.66,6.52,1.69,0.64,306.09,309.08,72.36,45.44,2.53,1.22,0.26,47.15,38.01,84.89,48.92,3.8,1.26,0.39,34.61,353.23,80.12,37.19,4.32,0.77,0.43,268.18,353.16,71.89,45.63,1.95,1.96,0.19,154.63,242.52,91.18,28.82,2.13,2,0.21,301.15,278.22,83.97,45.16,4.57,1.64,0.46,307.48,328.88,85.39,33.76,3.85,0.77,0.39,328.75,350.96,86.08,30.49,3.79,0.99,0.37,318.24,310.14,81.93,44.86,5.15,3.09,0.47,37.64,27.92,87.23,49.15,3.22,1.67,0.33,323.8,2.12,65.33,38.95,5.24,1.27,0.53,71.25,54.65,86.23,50.47,3.78,3.19,0.37,248.71,316.97,79.51,46.44,5.14,1.64,0.5,13.81,14.74,80.73,41.54,6.8,0.68,0.68,0.3,352.08,83.16,45.52,5.91,2.47,0.59,340.78,334.51,82.28,40.57,4.06,1.11,0.41,13.62,350.22,73.38,45.58,2.87,2.99,0.27,43,65.55,77.33,36.74,5.93,0.5,0.59,341.74,358.66,89.23,45.73,0.57,0.4,0.06,13.05,197.03,88.2,45.48,1.19,2.16,0.11,294.86,258.6,82.76,48.69,3.36,3.13,0.35,78.16,13.47
123,2.50E+13,0,46174,46672,46732,40579,41316,41448,42608,43407,43427,43491,45350,31018,36060,36086,42398,42514,43396,43498,43693,44859,44999,46958,83.33,50.08,6.76,1.35,0.67,305.09,308.14,72.51,45.66,2.66,1.34,0.27,51.4,33.02,84.84,49.3,3.83,1.07,0.39,34.61,351.34,80.07,37.63,4.44,0.48,0.44,282.59,352.77,71.71,45.53,2.05,1.3,0.2,129.55,241.37,90.96,28.85,2.26,1.59,0.22,301.15,281.23,83.74,45.54,4.38,1.71,0.44,305.39,328.47,85.33,34.16,3.93,0.65,0.4,327.47,350.07,85.79,30.75,3.96,0.78,0.39,315.31,311.61,82.08,45.3,4.97,3.1,0.46,31,24.93,87.23,49.47,3.03,1.95,0.31,322.49,358.66,65.74,39.26,5.13,1.55,0.52,69.03,52.03,85.95,50.76,4.05,2.67,0.4,251.26,313.92,79.65,46.91,5.06,1.54,0.49,10.2,15.31,80.62,42.21,6.89,1.1,0.69,353.39,350.2,82.87,46.06,6.08,2.6,0.61,333.33,331.33,82.2,40.97,4.11,1.4,0.41,5.04,347.47,73.65,45.73,3.22,3.12,0.31,37.04,59.22,77.29,37.34,5.99,1.06,0.6,336.25,356.29,89.22,45.68,0.48,0.46,0.05,6.23,191.09,88.06,45.47,1.47,2.16,0.14,297.57,263.69,82.78,49.03,3.33,3.54,0.34,59.02,3.44
124,2.50E+13,0,46174,46672,46732,40579,41316,41448,42608,43407,43427,43491,45350,31018,36060,36086,42398,42514,43396,43498,43693,44859,44999,46958,82.79,50.49,6.95,1.19,0.69,299.15,307.4,72.65,45.92,2.93,1.94,0.29,63.08,26.57,84.78,49.69,3.89,0.86,0.39,24.4,350,80,38.07,4.51,0.47,0.45,331.9,351.46,71.53,45.42,2.14,0.8,0.21,119.21,240.33,90.73,28.91,2.36,1.36,0.23,301.15,284.83,83.54,45.91,4.15,1.89,0.42,310.18,329.53,85.25,34.54,3.89,0.96,0.39,323.49,347.56,85.48,31.02,4.1,0.65,0.41,313.98,310.83,82.19,45.73,4.79,3.32,0.44,21.43,21.07,87.21,49.76,2.92,2.02,0.3,318.79,354.2,66.13,39.59,4.96,2.43,0.5,68.05,47.88,85.63,51.06,4.48,2.52,0.44,254.22,312.76,79.75,47.4,5.02,1.47,0.49,5.85,14.07,80.48,42.89,6.87,1.67,0.69,344.09,348.07,82.54,46.59,6.21,3.12,0.62,327.71,326.84,82.1,41.38,4.16,1.47,0.41,354.49,345.01,73.92,45.93,3.47,2.97,0.33,28.59,53.08,77.24,37.94,6.01,1.37,0.6,334.37,354.22,89.21,45.63,0.44,0.59,0.05,6.92,187.84,87.88,45.5,1.84,2.72,0.18,283.14,279.85,82.73,49.38,3.43,4.1,0.35,33.24,351.53
125,2.50E+13,0,46174,46672,46732,40579,41316,41448,42608,43407,43427,43491,45350,31018,36060,36086,42398,42514,43396,43498,43693,44859,44999,46958,82.22,50.91,7.12,1.53,0.7,299.15,304.8,72.78,46.2,3.16,2.19,0.3,66.42,22.91,84.7,50.07,3.92,0.87,0.39,4.4,348.1,79.91,38.53,4.67,1.31,0.47,287.42,348.34,71.34,45.32,2.1,0.05,0.21,108.4,242.08,90.49,28.97,2.48,1.06,0.25,299.57,286.56,83.36,46.25,3.82,2.41,0.39,325.64,330.89,85.14,34.91,3.86,1.5,0.39,320.47,343.2,85.17,31.29,4.18,0.39,0.42,313.98,310.36,82.25,46.15,4.61,3.42,0.43,11.11,17.05,87.16,50.05,2.85,2.25,0.29,309.6,347.37,66.48,39.93,4.84,2.93,0.49,67.14,43.98,85.29,51.37,4.78,2.31,0.46,254.22,311.77,79.83,47.85,4.89,1.89,0.46,359.34,12.53,80.32,43.56,6.91,2.22,0.69,335.89,345.65,82.18,47.09,6.22,3.12,0.62,323.29,323.31,81.97,41.78,4.26,1.91,0.42,340.35,340.75,74.19,46.18,3.75,3,0.37,13.32,47.03,77.16,38.54,6.06,1.57,0.61,338.91,352.2,89.21,45.59,0.41,0.54,0.04,3.19,185.49,87.67,45.56,2.29,3.15,0.22,284.61,285.66,82.64,49.72,3.57,4.19,0.35,10.82,342.45
126,2.50E+13,0,46174,46672,46732,40579,41316,41448,42608,43407,43427,43491,45350,31018,36060,36086,42398,42514,43396,43498,43693,44859,44999,46958,81.61,51.3,7.27,2.08,0.72,295.35,302.36,72.9,46.51,3.45,2.43,0.33,65.76,20.37,84.61,50.46,3.91,0.92,0.39,346.59,346.26,79.81,38.99,4.77,1.36,0.48,270.36,346.39,71.16,45.23,1.98,0.82,0.2,99.71,244.97,90.25,29.05,2.53,0.83,0.25,299.57,288.66,83.18,46.57,3.52,2.66,0.36,327.55,331.45,85.01,35.28,3.89,1.73,0.39,318.37,339.87,84.84,31.57,4.27,0.22,0.43,314.72,310.54,82.29,46.57,4.43,3.34,0.41,0.56,13.01,87.09,50.32,2.79,2.26,0.28,307.01,342.02,66.79,40.3,4.71,3.52,0.48,66.03,38.02,84.92,51.69,5.03,1.95,0.49,254.96,311.28,79.86,48.31,4.78,2.48,0.46,359.34,9.49,80.12,44.23,6.93,2.51,0.69,333.47,342.91,81.78,47.59,6.38,3,0.64,312.4,320.01,81.81,42.18,4.39,2.41,0.43,334.49,336.05,74.45,46.46,3.95,2.91,0.39,3.33,41.59,77.06,39.15,6.08,1.69,0.61,337.79,350.19,89.2,45.54,0.41,0.41,0.04,0.07,184.33,87.43,45.64,2.69,3.28,0.26,282.36,289.74,82.5,50.07,3.79,4.44,0.37,356.94,334.91
127,2.50E+13,0,46174,46672,46732,40579,41316,41448,42608,43407,43427,43491,45350,31018,36060,36086,42398,42514,43396,43498,43693,44859,44999,46958,80.98,51.67,7.38,2.8,0.73,291.92,298.76,73.02,46.85,3.84,2.63,0.37,60.13,18.59,84.51,50.84,3.93,0.99,0.4,326.71,344.32,79.67,39.46,4.92,1.96,0.49,303.55,342.06,71,45.16,1.77,1.6,0.18,90.57,249.77,90.01,29.14,2.6,0.77,0.26,299.57,291.36,83.02,46.87,3.24,2.68,0.34,328.65,332.34,84.86,35.65,3.96,1.9,0.4,318.37,335.99,84.52,31.85,4.29,0.07,0.43,317.68,310.47,82.27,46.98,4.31,3.27,0.41,345.76,8.18,86.99,50.58,2.72,2.49,0.28,303.87,335.51,67.04,40.69,4.62,4.29,0.47,58.1,29.88,84.53,52.03,5.3,1.77,0.52,254.96,311.28,79.83,48.77,4.7,3.24,0.46,359.34,5.08,79.89,44.89,7,3.21,0.7,323.81,338.91,81.34,48.06,6.47,3.02,0.65,307.35,316.33,81.62,42.58,4.49,2.59,0.44,327.39,332.25,74.65,46.82,4.12,3.69,0.41,15.1,30.59,76.92,39.75,6.14,2.29,0.62,324.88,346.08,89.2,45.5,0.38,0.31,0.04,356.15,184.12,87.16,45.75,3.05,3.13,0.29,280.85,293.46,82.3,50.41,4.04,4.42,0.39,342.88,326.71
128,2.50E+13,0,46174,46672,46732,40579,41316,41448,42608,43407,43427,43491,45350,31018,36060,36086,42398,42514,43396,43498,43693,44859,44999,46958,80.31,52.01,7.53,3.35,0.75,289.8,295.35,73.15,47.24,4.2,2.63,0.41,68.63,18.12,84.39,51.22,3.92,1.06,0.39,311.62,342.4,79.49,39.93,4.99,2.26,0.5,308.93,338.11,70.83,45.13,1.62,2.41,0.17,82.57,260.89,89.77,29.24,2.65,0.68,0.26,299.57,293.15,82.86,47.14,3.05,2.35,0.32,327.3,330.95,84.69,36.01,4.04,1.79,0.41,312.41,333.23,84.19,32.13,4.29,0.31,0.43,316.03,310.07,82.26,47.39,4.26,2.74,0.42,328.95,5.02,86.86,50.82,2.74,2.57,0.27,298.96,327.86,67.23,41.1,4.53,4.55,0.45,60.67,22.91,84.12,52.39,5.53,1.46,0.54,258.16,311.03,79.72,49.23,4.67,3.88,0.47,357.9,358.77,79.62,45.54,7.01,3.41,0.7,317.67,335.62,80.89,48.51,6.4,3.04,0.64,301.61,312.72,81.39,42.97,4.6,2.69,0.46,321.04,327.89,74.79,47.22,4.32,4.4,0.43,3.19,20.02,76.73,40.34,6.14,2.7,0.62,319.62,342,89.19,45.47,0.35,0.28,0.03,343.77,192.28,86.86,45.88,3.37,2.9,0.32,280.85,295.29,82.04,50.74,4.36,5,0.42,329.09,318.42
129,2.50E+13,0,46174,46672,46732,40579,41316,41448,42608,43407,43427,43491,45350,31018,36060,36086,42398,42514,43396,43498,43693,44859,44999,46958,79.61,52.31,7.65,3.62,0.76,288.07,291.84,73.29,47.66,4.61,2.81,0.44,58.64,17.96,84.27,51.58,3.82,1.22,0.38,298.23,340.69,79.28,40.39,5.07,2.67,0.51,305.73,334.03,70.68,45.12,1.54,2.69,0.16,75.48,273.27,89.52,29.35,2.69,0.61,0.27,298.36,294.64,82.71,47.4,2.89,2.02,0.3,329.41,329.1,84.5,36.37,4.07,1.42,0.41,309.96,331.6,83.86,32.4,4.29,0.47,0.43,313.23,309.94,82.22,47.78,4.12,2.56,0.39,326.88,1.72,86.7,51.04,2.78,2.51,0.28,296.52,321.23,67.38,41.54,4.59,4.5,0.46,60.67,16.19,83.69,52.75,5.7,1.16,0.56,261.1,309.95,79.58,49.67,4.64,4.08,0.46,350.49,353.27,79.31,46.17,6.98,3.66,0.7,312.41,331.63,80.4,48.92,6.33,3.03,0.63,297.62,309.46,81.12,43.35,4.74,2.95,0.47,311.34,322.94,74.89,47.65,4.47,4.38,0.44,352.06,12.63,76.49,40.91,6.14,3.31,0.62,317.01,336.97,89.18,45.43,0.4,0.1,0.04,324.09,191.29,86.53,46.04,3.9,3.33,0.37,280.85,295.91,81.73,51.05,4.62,5.15,0.45,318.4,311.01
130,2.50E+13,0,46174,46672,46732,40579,41316,41448,42608,43407,43427,43491,45350,31018,36060,36086,42398,42514,43396,43498,43693,44859,44999,46958,78.88,52.56,7.81,4.24,0.77,286.19,287.57,73.44,48.13,5.13,3.01,0.5,42.4,18.37,84.13,51.94,3.81,1.37,0.38,286.21,337.91,79.04,40.84,5.12,2.83,0.51,303.44,330,70.53,45.16,1.57,3.1,0.15,60.01,289.59,89.27,29.46,2.72,0.46,0.27,298.36,295.17,82.56,47.64,2.75,1.91,0.28,327.49,325.51,84.3,36.73,4.06,1.18,0.41,306,329.97,83.53,32.68,4.29,0.55,0.43,310.57,309.93,82.18,48.16,3.99,2.17,0.38,321.45,359.21,86.51,51.25,2.79,2.34,0.28,295.06,315.3,67.46,42.02,4.87,4.64,0.49,53.67,8.01,83.24,53.12,5.86,0.98,0.58,262.57,308.47,79.38,50.13,4.69,4.2,0.49,350.49,347.37,78.94,46.77,6.98,3.96,0.7,309.31,327.08,79.9,49.3,6.27,3,0.63,295.57,306.12,80.81,43.72,4.88,3.14,0.48,309.57,318.15,74.96,48.09,4.55,4.04,0.45,334.63,6.98,76.21,41.46,6.13,3.63,0.62,313.48,332.13,89.18,45.38,0.5,0.33,0.05,304.83,189.76,86.16,46.22,4.21,2.75,0.4,284.65,296.26,81.35,51.34,4.87,4.59,0.48,309.35,305.19
131,2.50E+13,0,46174,46672,46732,40579,41316,41448,42608,43407,43427,43491,45350,31018,36060,36086,42398,42514,43396,43498,43693,44859,44999,46958,78.12,52.78,7.97,3.89,0.79,281.8,284.3,73.61,48.64,5.39,2.37,0.53,18.83,17.46,83.98,52.29,3.75,1.36,0.38,281.52,336.03,78.76,41.27,5.19,2.81,0.52,302.19,325.9,70.38,45.23,1.66,3.09,0.16,52.19,301.57,89.02,29.57,2.74,0.33,0.27,298.36,295.49,82.39,47.85,2.68,1.96,0.27,324.26,320.44,84.09,37.08,4.05,1.18,0.41,303.15,327.58,83.19,32.97,4.34,0.45,0.44,310.57,309.94,82.13,48.53,3.92,1.96,0.38,319.2,356.97,86.3,51.42,2.75,2.35,0.27,293.43,307.89,67.48,42.54,5.18,4.75,0.52,44.98,0.3,82.76,53.17,5.98,1.2,0.48,260.19,306.22,79.12,50.57,4.78,3.93,0.52,347.29,341.05,78.53,47.32,6.91,4.73,0.69,305.86,321.3,79.39,49.66,6.19,3.1,0.62,291.93,302.82,80.47,44.08,5.05,3.02,0.5,307.08,314.24,75,48.56,4.79,3.76,0.48,322.65,2.71,75.89,41.98,6.16,3.94,0.62,310.03,327.01,89.16,45.33,0.58,0.49,0.06,296.43,194.56,85.76,46.41,4.56,2.4,0.44,280.67,296.36,80.93,51.61,5.11,4.05,0.5,303.32,300.21
132,2.50E+13,0,46174,46672,46732,40579,41316,41448,42608,43407,43427,43491,45350,31018,36060,36086,42398,42514,43396,43498,43693,44859,44999,46958,77.33,52.95,8.13,3.66,0.81,276.27,281.26,73.76,49.16,5.59,1.76,0.55,359.61,16.6,83.83,52.62,3.67,1.33,0.37,277.36,334.49,78.46,41.69,5.2,2.81,0.52,299.68,322.19,70.25,45.34,1.8,2.98,0.17,44.73,312,88.77,29.69,2.77,0.23,0.28,298.36,295.62,82.21,48.04,2.63,2.37,0.26,312.77,312.9,83.86,37.42,4.1,1.25,0.41,300.94,325.1,82.85,33.24,4.35,0.52,0.44,309.98,308.83,82.07,48.89,3.82,1.71,0.36,316.76,354.95,86.05,51.59,2.99,2.32,0.3,285.44,302.05,67.44,43.09,5.53,4.6,0.55,35.42,354.61,82.26,53.17,6.09,1.62,0.5,267,303.83,78.84,51,4.89,3.58,0.51,334.76,335.7,78.08,47.85,6.9,4.82,0.69,302.56,317.06,78.86,49.98,6.2,3.26,0.62,285.79,299.09,80.09,44.42,5.2,2.79,0.51,304.26,310.49,75.02,49.05,4.95,2.83,0.49,314.01,0.58,75.51,42.49,6.25,4.08,0.63,304.79,321.88,89.14,45.27,0.58,0.39,0.06,287.57,201.85,85.34,46.61,4.8,1.86,0.47,278.86,295.47,80.47,51.85,5.19,3.71,0.51,299.52,294.86
133,2.50E+13,0,46174,46672,46732,40579,41316,41448,42608,43407,43427,43491,45350,31018,36060,36086,42398,42514,43396,43498,43693,44859,44999,46958,76.51,53.09,8.36,3.64,0.83,272.89,278.06,73.92,49.7,5.68,1.05,0.56,350.74,15.97,83.67,52.95,3.56,1.24,0.36,273.12,333.8,78.11,42.09,5.29,3.04,0.53,297.7,317.28,70.12,45.47,1.97,2.66,0.19,38.38,320.06,88.52,29.81,2.81,0.21,0.28,298.36,296.09,82.01,48.21,2.71,2.51,0.26,306.44,306.55,83.62,37.75,4.09,1.32,0.41,301.56,322.66,82.5,33.52,4.41,0.52,0.44,308.83,307.87,82.01,49.25,3.76,1.48,0.36,316.76,353.11,85.77,51.74,3.13,2.22,0.31,282.55,297.31,67.36,43.66,5.83,4.32,0.57,25.73,350.34,81.74,53.17,6.18,1.8,0.52,265.43,302.03,78.53,51.41,4.93,3.08,0.51,325.17,331.43,77.59,48.34,6.98,4.44,0.7,298.73,313.28,78.31,50.26,6.17,3.06,0.62,281.75,295.79,79.68,44.76,5.34,2.52,0.53,303,307.31,75.03,49.55,5.05,1.6,0.5,308.6,0.19,75.09,42.97,6.39,4.11,0.64,300.5,317.03,89.12,45.22,0.56,0.45,0.05,281.56,210.35,84.88,46.8,5.01,1.67,0.49,278.86,292.67,79.99,52.04,5.25,3.56,0.52,295.28,289.96
134,2.50E+13,0,46174,46672,46732,40579,41316,41448,42608,43407,43427,43491,45350,31018,36060,36086,42398,42514,43396,43498,43693,44859,44999,46958,75.67,53.17,8.44,3.03,0.84,273.85,275.86,74.07,50.24,5.68,0.6,0.57,343.64,15.13,83.52,53.25,3.39,1.39,0.34,267.51,333.44,77.73,42.46,5.36,3.09,0.53,297.7,312.55,70,45.63,2.13,2.05,0.2,27.82,322.86,88.26,29.94,2.86,0.29,0.29,298.36,297.27,81.78,48.36,2.83,2.52,0.28,301.1,300.92,83.36,38.07,4.12,1.35,0.41,303.1,320.23,82.14,33.8,4.48,0.48,0.45,308.83,307.28,81.94,49.58,3.63,1.57,0.34,315.06,351.6,85.48,51.88,3.26,1.95,0.32,280.15,293.71,67.24,44.24,6.06,3.77,0.6,22.69,346.9,81.2,53.17,6.31,1.69,0.54,262.34,300.37,78.22,51.8,4.93,2.46,0.5,315.92,328.28,77.07,48.8,6.97,4.13,0.7,298.73,309.36,77.74,50.51,6.17,2.89,0.62,278.25,292.52,79.24,45.07,5.44,2.28,0.54,300.88,304.44,75.05,50.06,5.12,0.45,0.51,299.48,1.2,74.63,43.42,6.46,3.88,0.65,302,312.78,89.08,45.17,0.62,0.52,0.06,277.38,215.73,84.41,46.99,5.19,1.64,0.51,278.86,290.71,79.49,52.2,5.29,3.21,0.53,292.42,286
135,2.50E+13,0,46174,46672,46732,40579,41316,41448,42608,43407,43427,43491,45350,31018,36060,36086,42398,42514,43396,43498,43693,44859,44999,46958,74.82,53.17,8.57,2.61,0.85,271.23,273.92,74.21,50.79,5.62,0.84,0.56,343.64,14.53,83.38,53.54,3.17,1.7,0.32,264.75,333.5,77.31,42.81,5.46,3.15,0.55,297.7,307.75,69.87,45.81,2.34,1.76,0.22,25.24,325.42,88,30.08,2.89,0.36,0.29,296.48,298.22,81.52,48.5,3.02,2.42,0.29,295.32,295.86,83.08,38.4,4.18,1.23,0.42,300.59,318.53,81.78,34.07,4.56,0.45,0.46,311.51,306.84,81.86,49.9,3.51,1.64,0.33,310.26,350.17,85.17,52.01,3.41,1.71,0.34,278.69,290.94,67.09,44.84,6.32,3.18,0.62,17.55,344.26,80.6,53.17,6.56,2.67,0.6,266.34,295.49,77.91,52.14,4.79,2.57,0.46,313.8,324.9,76.5,49.2,6.95,4.69,0.69,297.78,303.38,77.17,50.73,6.11,2.87,0.62,276.94,289.05,78.77,45.37,5.6,2.12,0.56,300.03,301.67,75.08,50.57,5.05,0.81,0.51,299.48,3.92,74.12,43.83,6.54,3.95,0.65,298.1,307.67,89.04,45.12,0.67,0.48,0.07,274.39,218.44,83.9,47.16,5.37,1.69,0.53,278.86,288.5,78.97,52.33,5.29,3.04,0.53,289.24,281.97
136,2.50E+13,0,46174,46672,46732,40579,41316,41448,42608,43407,43427,43491,45350,31018,36060,36086,42398,42514,43396,43498,43693,44859,44999,46958,73.96,53.17,8.66,2.25,0.87,268.36,272.19,74.35,51.33,5.54,1.23,0.56,337.49,13.82,83.25,53.81,2.95,1.87,0.3,262.27,333.64,76.85,43.13,5.54,3.11,0.55,295.37,303.48,69.73,46.01,2.56,1.51,0.24,25.24,325.23,87.75,30.21,2.91,0.13,0.29,295.25,297.31,81.23,48.63,3.27,2.39,0.32,287.77,291.48,82.8,38.7,4.17,1.29,0.42,296.62,316.18,81.4,34.35,4.64,0.47,0.47,309.67,306.13,81.78,50.22,3.44,1.53,0.33,307.99,348.81,84.84,52.14,3.52,1.38,0.35,277.79,289.16,66.9,45.46,6.52,2.55,0.65,11.43,341.95,79.99,55.02,6.67,2.96,1.95,267.55,291.88,77.63,52.44,4.54,3,0.41,307.75,322.11,75.89,49.57,7.13,4.36,0.71,295.94,299.49,76.58,50.91,6.09,2.64,0.61,278.81,286.25,78.27,45.66,5.75,2.11,0.57,296.88,298.7,75.13,51.07,5.02,1.53,0.5,301.17,6.22,73.56,44.2,6.67,3.9,0.67,295.14,302.99,89,45.07,0.68,0.36,0.07,272.46,221.38,83.38,47.32,5.52,1.8,0.55,277.83,286.26,78.45,52.38,5.29,3.73,0.53,282.69,275.26
137,2.50E+13,0,46174,46672,46732,40579,41316,41448,42608,43407,43427,43491,45350,31018,36060,36086,42398,42514,43396,43498,43693,44859,44999,46958,73.08,53.17,8.75,1.99,0.88,266.78,270.59,74.48,51.86,5.4,1.55,0.55,328.21,13.49,83.12,54.08,2.82,1.72,0.29,259.49,333.69,76.37,43.41,5.62,3.1,0.56,290.47,299.2,69.57,46.23,2.8,1.51,0.27,31.83,324.22,87.48,30.35,2.96,0.02,0.3,295.25,297.2,80.91,48.74,3.44,2.12,0.34,287.77,288.1,82.5,39,4.15,1.25,0.42,293.66,314.36,81.03,34.64,4.7,0.14,0.47,305.06,306.79,81.69,50.52,3.33,1.59,0.31,307.99,347.04,84.5,52.25,3.61,1.04,0.36,277.79,287.84,66.68,46.08,6.64,2.07,0.66,3.14,339.67,79.36,55.24,6.76,3.06,0.67,269.56,288.48,77.37,52.69,4.2,3.51,0.36,303.11,319.87,75.25,49.9,7.2,4.15,0.72,297.24,295.4,75.99,51.07,6.06,2.24,0.61,278.81,284.48,77.75,45.92,5.86,2.03,0.58,296.25,296.07,75.21,51.55,4.83,2.44,0.49,295.44,10.3,72.98,44.55,6.77,3.91,0.68,293.75,299.03,88.96,45.02,0.64,0.18,0.06,272.46,219.71,82.84,47.46,5.67,1.97,0.56,272.81,283.62,77.92,52.41,5.27,3.57,0.53,280.1,271.18
138,2.50E+13,0,46174,46672,46732,40579,41316,41448,42608,43407,43427,43491,45350,31018,36060,36086,42398,42514,43396,43498,43693,44859,44999,46958,72.2,53.17,8.75,1.82,0.88,267.98,269.3,74.6,52.37,5.17,1.94,0.52,320.05,13.1,83,54.32,2.66,1.65,0.27,255.06,334.01,75.87,43.67,5.69,3.03,0.57,289.67,295.57,69.4,46.46,3,1.64,0.29,42.81,320.47,87.22,30.48,2.99,0.18,0.3,295.25,296.5,80.56,48.83,3.71,2.27,0.36,292.43,283.82,82.19,39.27,4.14,1.61,0.42,292.3,310.61,80.64,34.91,4.75,0.32,0.48,303.71,305.62,81.61,50.81,3.23,1.63,0.3,309.12,345.97,84.15,52.35,3.69,0.76,0.37,277.79,286.8,66.44,46.71,6.7,1.58,0.67,357.12,338.31,78.69,55.43,6.9,3.29,0.69,268.68,284.72,77.15,52.88,3.77,4.01,0.29,301.05,317.81,74.58,50.19,7.34,3.68,0.73,291.88,292.14,75.4,51.24,6.05,1.59,0.61,278.13,284.26,77.21,46.17,5.95,1.97,0.6,295.55,293.6,75.31,52.01,4.61,3.17,0.47,286.12,14.33,72.37,44.86,6.87,3.45,0.69,292.22,295.76,88.92,44.97,0.58,0.35,0.06,269.83,221.68,82.28,47.58,5.75,1.99,0.57,271.89,281.25,77.4,52.41,5.2,3.24,0.52,279.07,267.57
139,2.50E+13,0,46174,46672,46732,40579,41316,41448,42608,43407,43427,43491,45350,31018,36060,36086,42398,42514,43396,43498,43693,44859,44999,46958,71.33,53.17,8.7,1.59,0.87,267.98,268.59,74.71,52.86,4.94,2.2,0.5,314.18,12.7,82.88,54.55,2.48,1.61,0.26,250.09,333.66,75.34,43.9,5.82,3.04,0.58,291.21,291.67,69.19,46.69,3.21,2.09,0.31,47.11,315.99,86.95,30.62,3.01,0.26,0.3,296.63,296.14,80.18,48.92,3.95,1.94,0.39,287.13,281.97,81.87,39.54,4.15,1.63,0.42,291.05,307.88,80.24,35.19,4.85,0.47,0.49,304.86,304.42,81.52,51.08,3.09,1.75,0.28,309.12,344.58,83.8,52.46,3.77,0.42,0.37,274.8,286.54,66.18,47.33,6.74,1.35,0.68,352.16,337.07,78.01,55.58,7.04,3.33,0.7,271.12,281.43,76.97,53.02,3.24,4.76,0.22,297.22,315.59,73.88,50.45,7.48,3.24,0.75,289.32,289.32,74.82,51.41,5.98,1.28,0.61,275.09,284.66,76.66,46.41,6.01,1.66,0.6,292.98,292.1,75.44,52.44,4.41,3.39,0.45,282.43,18.59,71.73,45.14,7.01,3.3,0.7,287.33,292.29,88.88,44.93,0.51,0.55,0.05,267.77,225.05,81.71,47.68,5.82,2.1,0.58,273.41,278.51,76.89,52.36,5.05,3.2,0.51,276.62,263.35
140,2.50E+13,0,46174,46672,46732,40579,41316,41448,42608,43407,43427,43491,45350,31018,36060,36086,42398,42514,43396,43498,43693,44859,44999,46958,70.46,53.17,8.62,1.71,0.87,269.1,267.36,74.81,53.33,4.65,2.53,0.48,312.59,12.07,82.77,54.76,2.31,1.56,0.24,247.08,332.47,74.78,44.1,5.94,2.77,0.59,290.43,288.45,68.94,46.91,3.42,2.49,0.33,52.7,309.96,86.68,30.75,3.04,0.32,0.3,298.54,295.55,79.75,49.01,4.36,2.01,0.44,277.17,280.67,81.53,39.79,4.22,1.55,0.42,289.98,305.42,79.82,35.47,4.93,0.65,0.5,308.41,303.14,81.41,51.34,2.99,1.51,0.28,304.95,342.45,83.43,52.56,3.8,0.1,0.38,274.8,286.5,65.91,47.95,6.71,1.41,0.67,349.38,335.61,77.32,55.7,7.17,3.33,0.71,269.74,278.38,76.83,53.11,2.68,5.34,0.17,294.32,313.08,73.16,50.69,7.62,2.59,0.76,287.32,287.36,74.24,51.57,5.93,1.2,0.6,273.69,284.97,76.08,46.64,6.17,1.46,0.63,288.14,290.63,75.6,52.85,4.34,3.37,0.44,279.05,23.57,71.07,45.39,7.08,3.26,0.7,284.34,289.45,88.85,44.9,0.43,0.66,0.05,266.27,225.37,81.13,47.76,5.88,2.03,0.59,274.42,276.14,76.43,52.29,4.67,3.34,0.47,273.5,260.01
141,2.50E+13,0,46174,46672,46732,40579,41316,41448,42608,43407,43427,43491,45350,31018,36060,36086,42398,42514,43396,43498,43693,44859,44999,46958,69.61,53.22,8.47,2.05,0.86,271.78,266.23,74.9,53.77,4.3,3.1,0.45,309.68,11.2,82.66,54.95,2.16,1.5,0.22,243.47,330.37,74.2,44.27,6.07,2.57,0.61,288.41,285.42,68.65,47.12,3.62,3.09,0.35,81.35,302.6,86.4,30.88,3.07,0.23,0.31,301.03,295.68,79.3,49.09,4.61,1.82,0.46,274.02,279,81.18,40.03,4.27,1.51,0.43,289.98,302.85,79.39,35.73,5.02,0.95,0.5,306.01,301.23,81.31,51.58,2.86,1.54,0.26,303.48,341.01,83.07,52.67,3.8,0.32,0.38,274.8,285.07,65.63,48.55,6.6,1.69,0.66,352.2,334.23,76.6,55.79,7.24,2.9,0.72,266.53,275.82,76.74,53.15,2.09,5.18,0.1,294.32,309.69,72.42,50.9,7.75,2.15,0.77,288.01,285.48,73.66,51.72,5.9,1.11,0.6,270.26,284.87,75.47,46.83,6.29,1.71,0.63,288.14,287.77,75.79,53.25,4.27,3.06,0.44,275.87,27.61,70.39,45.62,7.12,2.64,0.71,284.34,287.28,88.82,44.87,0.32,0.77,0.04,266.27,228.14,80.54,47.82,5.96,1.75,0.59,272.35,274.57,75.99,52.21,4.34,3.32,0.45,274.67,258.24
142,2.50E+13,0,46174,46672,46732,40579,41316,41448,42608,43407,43427,43491,45350,31018,36060,36086,42398,42514,43396,43498,43693,44859,44999,46958,68.78,53.16,8.24,2.53,0.84,275.29,265.12,74.98,54.17,3.91,3.3,0.41,305.23,10.6,82.55,55.13,2.02,1.47,0.21,242.43,328.64,73.6,44.42,6.24,2.3,0.62,282.66,282.82,68.33,47.31,3.87,3.46,0.38,125.39,297.04,86.13,31.02,3.09,0.04,0.31,300.02,296.24,78.82,49.15,4.87,1.64,0.49,274.02,277.51,80.8,40.25,4.33,1.51,0.43,289.98,300.09,78.95,35.98,5.09,1.08,0.51,303.7,299.58,81.2,51.8,2.73,1.66,0.25,302.53,338.67,82.7,52.76,3.83,0.3,0.38,277.4,284.6,65.34,49.14,6.46,1.88,0.65,354.11,333.04,75.88,55.85,7.32,2.65,0.73,264.43,273.23,76.7,53.16,1.53,4.78,0.04,297.52,307.65,71.66,51.1,7.85,1.85,0.78,286.86,283.72,73.09,51.87,5.81,1.17,0.59,270.26,285.11,74.85,47,6.39,1.8,0.65,288.14,285.24,75.99,53.61,4.15,2.63,0.42,272.91,30.57,69.71,45.83,7.21,2.03,0.72,283.55,285.88,88.81,44.85,0.23,0.78,0.03,266.27,225.63,79.94,47.86,6.01,1.48,0.6,271.48,273.2,75.59,52.12,3.96,3.59,0.41,269.17,255.71
143,2.50E+13,0,46174,46672,46732,40579,41316,41448,42608,43407,43427,43491,45350,31018,36060,36086,42398,42514,43396,43498,43693,44859,44999,46958,67.98,53.09,7.83,3.18,0.8,277.51,264.58,75.05,54.54,3.52,3.41,0.37,299.06,10.11,82.45,55.28,1.78,1.79,0.18,242.43,324.44,72.98,44.55,6.35,2.08,0.63,282.66,280.52,67.96,47.48,4.13,3.31,0.4,163.3,293.49,85.85,31.16,3.13,0.21,0.31,299.23,297.14,78.32,49.21,5.1,1.74,0.5,269.74,275.82,80.42,40.46,4.38,1.4,0.44,288,297.9,78.5,36.23,5.17,1.31,0.52,301.23,297.7,81.09,52,2.59,1.71,0.23,300.76,336.47,82.32,52.87,3.87,0.32,0.39,277.4,286.33,65.05,49.7,6.21,2.25,0.63,1.07,332.26,75.14,55.87,7.41,2.63,0.74,266.94,270.42,76.68,53.15,1.05,4.17,0.02,296.4,304.62,70.89,51.27,7.95,1.76,0.79,282.8,281.91,72.53,52.02,5.74,1.13,0.58,272.59,285.16,74.21,47.16,6.52,1.82,0.66,289.11,283.23,76.2,53.97,4.06,2.03,0.41,271.92,32.23,69.01,46.01,7.17,1.76,0.72,282.7,284.42,88.79,44.85,0.11,0.87,0.01,266.27,257.8,79.34,47.89,6.04,1.1,0.6,269.14,272.36,75.26,52.01,3.35,4.48,0.35,269.17,251.18
144,2.50E+13,0,46174,46672,46732,40579,41316,41448,42608,43407,43427,43491,45350,31018,36060,36086,42398,42514,43396,43498,43693,44859,44999,46958,67.24,53,7.37,4.03,0.75,276.57,262.54,75.1,54.87,3.18,3.28,0.33,294.08,9.09,82.35,55.42,1.66,1.62,0.17,242.43,321.05,72.34,44.65,6.41,1.94,0.64,282.66,278.18,67.56,47.63,4.37,3.1,0.43,194.58,289.25,85.57,31.31,3.16,0.19,0.32,298.5,297.33,77.8,49.26,5.29,1.65,0.52,269.74,274.59,80.02,40.66,4.45,1.42,0.45,284.27,295.33,78.03,36.47,5.27,1.37,0.53,299.31,295.9,80.98,52.19,2.45,1.74,0.22,299.75,334.03,81.95,52.98,3.92,0.4,0.39,282.38,287.09,64.77,50.24,5.98,2.38,0.61,9.56,332.29,74.4,55.85,7.47,2.48,0.74,266.94,268.1,76.68,53.13,0.66,3.56,0.02,293.76,299.08,70.11,51.42,7.98,1.57,0.79,281.71,280.59,71.98,52.17,5.71,0.99,0.57,271.27,285.61,73.57,47.31,6.58,1.66,0.66,289.11,281.86,76.41,54.29,3.75,2.16,0.38,268.2,33.73,68.3,46.17,7.19,1.83,0.73,282.08,282.16,88.77,44.84,0.13,0.55,0.02,265.55,254.96,78.73,47.91,6.07,0.89,0.61,269.14,271.54,74.97,51.9,2.79,4.95,0.3,264.3,246.51
145,2.50E+13,0,46174,46672,46732,40579,41316,41448,42608,43407,43427,43491,45350,31018,36060,36086,42398,42514,43396,43498,43693,44859,44999,46958,66.54,52.89,6.87,4.52,0.7,272.38,260.39,75.14,55.16,2.82,3.19,0.3,290.39,7.25,82.23,55.54,1.59,1.45,0.17,243.17,316.4,71.7,44.72,6.48,1.9,0.65,282.66,275.79,67.11,47.75,4.76,3.41,0.47,236.02,283.8,85.29,31.46,3.18,0.54,0.32,298.5,299.58,77.26,49.3,5.44,1.48,0.54,271.54,273.38,79.61,40.84,4.47,1.45,0.45,283.08,292.74,77.54,36.69,5.36,1.44,0.53,297.54,293.87,80.84,52.35,2.31,1.84,0.21,297.38,330.1,81.57,53.1,3.93,0.53,0.39,282.38,287.94,64.49,50.75,5.71,2.6,0.58,21.27,331.69,73.65,55.81,7.51,2.32,0.75,266.36,265.92,76.7,53.1,0.34,2.88,0.04,291.5,288.2,69.32,51.56,7.96,1.53,0.8,280.48,279.33,71.42,52.31,5.73,0.67,0.57,273.61,284.46,72.92,47.44,6.67,1.41,0.66,287.64,280.89,76.61,54.57,3.39,2.62,0.34,265.29,36.06,67.58,46.3,7.25,1.86,0.74,286.53,280.08,88.77,44.84,0.05,0.56,0,265.55,301,78.12,47.92,6.11,0.94,0.61,273.46,270.16,74.75,51.79,2.3,4.87,0.25,266.78,242.08
146,2.50E+13,0,46174,46672,46732,40579,41316,41448,42608,43407,43427,43491,45350,31018,36060,36086,42398,42514,43396,43498,43693,44859,44999,46958,65.89,52.76,6.41,4.86,0.66,272.38,258.51,75.17,55.42,2.49,3.04,0.26,285.85,3.73,82.12,55.65,1.53,1.32,0.16,243.17,311.42,71.04,44.77,6.61,1.69,0.67,280.57,274.07,66.64,47.86,4.98,2.81,0.49,234.64,281.52,85.01,31.62,3.23,0.18,0.32,297.65,298.66,76.71,49.33,5.61,1.17,0.56,271.54,272.67,79.18,41,4.54,1.48,0.46,284.74,290.12,77.04,36.91,5.48,1.18,0.55,296.11,292.95,80.69,52.51,2.26,1.7,0.22,297.38,325.65,81.19,53.17,4.05,0.58,0.39,281.71,289.32,64.22,51.24,5.42,2.77,0.55,40.24,330.37,72.89,55.74,7.59,2.22,0.76,262.9,263.71,76.73,53.07,0.11,2.17,0.04,289.98,258.55,68.54,51.67,7.98,1.93,0.8,277.25,277.1,70.87,52.45,5.75,0.79,0.57,273.61,283.18,72.26,47.56,6.76,1.22,0.67,285.32,279.7,76.8,54.82,2.98,3.25,0.31,265.29,39.13,66.84,46.42,7.28,1.72,0.74,285.11,278.79,88.77,44.84,0.02,0.42,0,264.89,13.62,77.5,47.92,6.14,0.74,0.61,273.46,269.73,74.57,51.69,1.76,4.73,0.2,262.96,236.15
147,2.50E+13,0,46174,46672,46732,40579,41316,41448,42608,43407,43427,43491,45350,31018,36060,36086,42398,42514,43396,43498,43693,44859,44999,46958,65.29,52.62,5.92,5.16,0.62,270.12,255.49,75.17,55.65,2.17,3.08,0.23,282.29,358.14,82,55.74,1.49,1.24,0.15,244.73,305.68,70.36,44.81,6.7,1.59,0.67,280.57,272.35,66.13,47.95,5.17,2.39,0.51,243.55,279.01,84.72,31.77,3.26,0.1,0.33,298.69,298.68,76.14,49.35,5.79,1.14,0.57,269.33,271.3,78.75,41.15,4.59,1.39,0.46,285.66,288.14,76.52,37.12,5.6,1.11,0.56,296.11,291.47,80.55,52.65,2.17,1.59,0.2,294.97,322.11,80.8,53.17,4.11,0.39,0.39,281.71,289.34,63.95,51.68,5.07,3.05,0.52,49.55,329.07,72.14,55.64,7.62,2.13,0.76,262.9,261.81,76.76,53.04,0.12,1.51,0.04,287.34,157.44,67.74,51.75,7.98,2.02,0.8,274.2,275.35,70.3,52.57,5.76,1.09,0.58,271.67,281.51,71.58,47.67,6.92,1.09,0.68,284.16,278.69,76.97,55.02,2.52,3.71,0.27,265.29,40.95,66.11,46.54,7.28,1.43,0.74,282.37,278.47,88.77,44.84,0.02,0.16,0,263.65,319.16,76.89,47.92,6.11,0.64,0.61,272.83,269.79,74.46,51.61,1.22,4.67,0.14,257.4,228.72
148,2.50E+13,0,46174,46672,46732,40579,41316,41448,42608,43407,43427,43491,45350,31018,36060,36086,42398,42514,43396,43498,43693,44859,44999,46958,64.74,52.46,5.45,5.1,0.57,270.12,251.96,75.15,55.85,1.89,2.96,0.2,276.05,352.05,81.87,55.82,1.47,1.2,0.15,245.72,300.11,69.69,44.83,6.71,1.39,0.67,277.65,271.07,65.61,48.02,5.36,2.14,0.53,255.09,276.33,84.44,31.93,3.28,0.16,0.33,301.07,298.83,75.55,49.36,5.89,0.93,0.59,269.33,270.33,78.3,41.29,4.67,1.27,0.47,285.66,286.39,75.99,37.32,5.72,1.12,0.57,295.14,289.85,80.39,52.79,2.13,1.37,0.21,291.48,318.87,80.4,53.17,4.18,0.01,0.4,283.94,288.43,63.71,52.1,4.69,3.21,0.48,54.99,328.54,71.38,55.52,7.62,1.96,0.76,262.9,260.14,76.8,53.01,0.24,1.03,0.05,284.44,137.12,66.94,51.82,8.01,1.94,0.8,270.14,273.95,69.73,52.67,5.8,1.47,0.58,269.48,279.03,70.9,47.77,7,0.91,0.69,284.16,277.79,77.1,55.19,1.94,4.25,0.21,232.1,39.32,65.4,46.65,7.18,1.44,0.72,284.22,277.75,88.77,44.84,0.04,0.11,0,261.76,354.1,76.27,47.92,6.14,0.6,0.62,274.17,269.63,74.39,51.54,0.82,4.28,0.1,253.25,217.91
149,2.50E+13,0,46174,46672,46732,40579,41316,41448,42608,43407,43427,43491,45350,31018,36060,36086,42398,42514,43396,43498,43693,44859,44999,46958,64.25,52.28,5.11,4.69,0.53,271.31,248.57,75.1,56.02,1.69,3.21,0.18,270.89,338.73,81.74,55.89,1.47,1.19,0.15,247.32,293.97,69.01,44.84,6.74,1.16,0.68,276.76,270.26,65.07,48.07,5.47,1.66,0.54,265.56,274.73,84.15,32.1,3.29,0.26,0.33,301.07,299.82,74.96,49.36,5.94,0.88,0.59,270.55,269.16,77.85,41.41,4.7,1.27,0.47,284.99,284.2,75.43,37.52,5.84,1,0.59,293.01,288.79,80.24,52.92,2.07,1.19,0.2,289.84,316.03,80,53.17,4.21,0.42,0.4,284.54,287.09,63.46,52.47,4.34,3.28,0.45,60.26,326.88,70.63,55.38,7.63,1.72,0.77,264.17,258.84,76.85,52.97,0.35,0.75,0.06,282.23,134.05,66.14,51.86,7.99,2.19,0.8,265.5,271.74,69.16,52.75,5.77,1.48,0.58,269.48,277.63,70.2,47.86,7.08,0.73,0.7,284.16,277.12,77.2,55.31,1.41,4.32,0.16,206.22,40.47,64.69,46.74,7.16,0.87,0.72,288.92,277.56,88.77,44.84,0.05,0.08,0,261.76,357.81,75.65,47.91,6.2,0.46,0.62,281.05,269.39,74.36,51.49,0.46,3.82,0.06,250.93,194.15
150,2.50E+13,0,46174,46672,46732,40579,41316,41448,42608,43407,43427,43491,45350,31018,36060,36086,42398,42514,43396,43498,43693,44859,44999,46958,63.77,52.08,5.01,3.58,0.51,271.31,246.02,75.02,56.16,1.59,3.21,0.16,270.89,324.91,81.6,55.95,1.49,0.99,0.15,247.9,290.45,68.34,44.83,6.73,1.02,0.68,276.76,269.5,64.52,48.12,5.53,1.25,0.55,271.67,273.54,83.86,32.26,3.29,0.3,0.33,299.34,299.77,74.36,49.35,5.98,0.62,0.6,270.55,269.09,77.38,41.53,4.75,1.02,0.48,283.54,283.18,74.86,37.7,5.99,1.06,0.6,289.89,287.39,80.08,53.04,2.04,1.02,0.2,286.89,312.94,79.58,53.17,4.27,0.88,0.41,282.8,284.64,63.22,52.8,3.96,3.4,0.41,79.46,324.39,69.88,55.22,7.68,1.36,0.77,264.17,257.99,76.89,52.94,0.44,0.55,0.06,281.15,131.65,65.35,51.85,7.91,2.67,0.8,261.87,268.85,68.58,52.82,5.82,1.64,0.58,270.36,275.54,69.49,47.94,7.17,0.55,0.71,282.46,276.6,77.28,55.37,0.79,4.66,0.1,186.51,51.8,63.98,46.84,7.13,0.8,0.71,292.1,278.24,88.77,44.85,0.11,0.26,0.01,262.78,12.92,75.02,47.91,6.34,0.08,0.64,277.96,269.77,74.36,51.46,0.27,3.25,0.02,247.28,139.08
151,2.50E+13,0,46174,46672,46732,40579,41316,41448,42608,43407,43427,43491,45350,31018,36060,36086,42398,42514,43396,43498,43693,44859,44999,46958,63.29,51.88,5.12,2.11,0.53,270.29,245.36,74.9,56.29,1.71,3.25,0.17,271.55,310.72,81.46,55.99,1.47,0.99,0.15,250.57,284.82,67.65,44.82,6.77,0.95,0.68,280.55,268.49,63.97,48.15,5.58,0.98,0.56,273.06,272.55,83.57,32.41,3.31,0.37,0.33,296.77,297.85,73.76,49.34,6.06,0.43,0.61,271.56,268.81,76.91,41.64,4.84,0.85,0.49,281.83,282.18,74.27,37.87,6.12,1.23,0.61,289.89,285.53,79.92,53.14,2,0.98,0.19,285.39,309.62,79.16,53.17,4.31,1.28,0.42,281.26,282.02,63,53.09,3.54,3.62,0.37,94.94,321.49,69.13,55.06,7.64,1.18,0.77,261.55,257.29,76.94,52.9,0.48,0.36,0.06,280.55,130.35,64.56,51.82,7.86,2.82,0.79,260.64,266.46,68,52.86,5.84,1.8,0.58,267.77,273.04,68.77,48.02,7.22,0.48,0.72,281.82,276.12,77.33,55.41,0.43,4.18,0.06,172.83,69.99,63.28,46.95,7.15,1.16,0.71,293.91,279.69,88.77,44.86,0.08,0.11,0.01,262.78,28.54,74.37,47.9,6.42,0.24,0.64,277.96,268.97,74.39,51.45,0.43,2.72,0.03,243.87,93.96
152,2.50E+13,0,46174,46672,46732,40579,41316,41448,42608,43407,43427,43491,45350,31018,36060,36086,42398,42514,43396,43498,43693,44859,44999,46958,62.81,51.66,5.13,1.36,0.52,268.02,244.73,74.74,56.39,1.9,3.15,0.18,271.55,298.5,81.32,56,1.43,1.29,0.14,253.08,274.43,66.97,44.79,6.77,0.86,0.68,280.55,268.02,63.4,48.17,5.7,0.91,0.57,275.26,271.44,83.27,32.56,3.33,0.56,0.34,295.03,296.23,73.15,49.32,6.11,0.35,0.61,270.94,268.3,76.43,41.73,4.87,0.78,0.49,281.83,281.03,73.67,38.03,6.23,1.22,0.62,289.89,284.08,79.73,53.17,2.04,0.98,0.19,283.56,305.54,78.74,53.17,4.35,1.44,0.43,279.84,279.63,62.77,53.34,3.19,3.67,0.33,133.87,316.5,68.39,54.89,7.59,1.12,0.76,258.55,256.81,76.97,52.86,0.49,0.23,0.05,281.14,132.51,63.78,51.75,7.75,2.86,0.78,259.32,264.35,67.41,52.88,5.85,1.88,0.59,266.21,270.61,68.06,48.09,7.25,0.53,0.72,281.82,275.72,77.36,55.41,0.26,3.71,0.03,160.87,135.06,62.57,47.08,7.09,1.47,0.71,297.52,280.98,88.78,44.86,0.07,0.06,0.01,263.92,33.78,73.72,47.89,6.49,0.37,0.65,278.88,268.44,74.42,51.45,0.46,1.82,0.03,232.07,79.19
153,2.50E+13,0,46174,46672,46732,40579,41316,41448,42608,43407,43427,43491,45350,31018,36060,36086,42398,42514,43396,43498,43693,44859,44999,46958,62.35,51.44,5.14,1,0.52,267.44,243.61,74.54,56.46,2.2,3.14,0.21,267.46,288.76,81.18,56,1.43,1.2,0.14,254.47,269.49,66.3,44.76,6.73,1.02,0.68,279.42,267.34,62.83,48.18,5.76,0.93,0.57,272.9,270.19,82.97,32.71,3.33,0.49,0.33,295.67,296.23,72.53,49.3,6.19,0.4,0.62,269.59,267.57,75.94,41.82,4.88,0.74,0.49,283.42,280.14,73.04,38.19,6.41,1.06,0.65,289.89,283.35,79.54,53.17,2.05,1.06,0.19,283.56,301.52,78.3,53.17,4.39,1.48,0.44,277.6,277.12,62.54,53.54,2.93,3.67,0.31,175.8,309.87,67.65,53.17,7.54,1.21,1.87,256.82,256.25,77.01,52.83,0.48,0.15,0.05,282.48,134.47,63.02,51.66,7.61,2.81,0.77,256.9,262.51,66.83,52.87,5.81,1.97,0.58,264.65,268.19,67.33,48.16,7.23,0.93,0.72,282.79,274.58,77.37,55.38,0.4,2.98,0.03,161.58,181.97,61.89,47.23,6.93,1.88,0.7,307.25,282.38,88.78,44.86,0.05,0.05,0,264.94,37.64,73.06,47.87,6.6,0.22,0.66,280.89,268.64,74.41,51.46,0.18,0.92,0.01,232.07,42.09
154,2.50E+13,0,46174,46672,46732,40579,41316,41448,42608,43407,43427,43491,45350,31018,36060,36086,42398,42514,43396,43498,43693,44859,44999,46958,61.89,51.19,5.17,0.9,0.52,257.57,241.51,74.32,56.51,2.44,3.2,0.23,268.25,279.91,81.03,56,1.42,1.09,0.14,255.5,264.97,65.62,44.74,6.67,1.05,0.67,278.78,267.48,62.25,48.18,5.79,0.86,0.58,272.9,269.36,82.67,32.87,3.37,0.32,0.34,294.96,296.5,71.91,49.26,6.25,0.59,0.62,267.24,266.49,75.46,41.91,4.86,0.77,0.49,283.42,279.4,72.4,38.34,6.58,0.9,0.66,285.88,282.87,79.35,53.17,2.05,1.12,0.2,283.56,297.48,77.85,53.17,4.5,1.47,0.45,271.93,274.71,62.29,53.69,2.79,3.63,0.29,194.21,300.57,66.92,53.17,7.5,1.24,0.73,259.1,255.77,77.03,52.79,0.47,0.23,0.05,283.2,136.87,62.34,51.58,7.02,3.42,0.68,265.9,261.58,66.25,52.83,5.76,2.1,0.58,263.92,265.55,66.61,48.2,7.22,1.2,0.73,281.48,273.5,77.36,55.33,0.59,2.28,0.05,164.38,196.72,61.22,47.38,6.84,1.98,0.69,308.91,283.63,88.79,44.86,0.07,0.17,0.01,265.88,86.77,72.4,47.86,6.68,0.2,0.67,276.64,268.49,74.41,51.47,0.2,1.51,0.02,231.05,344.04
155,2.50E+13,0,46174,46672,46732,40579,41316,41448,42608,43407,43427,43491,45350,31018,36060,36086,42398,42514,43396,43498,43693,44859,44999,46958,61.46,50.92,5.01,1.35,0.5,162.47,238.91,74.06,56.54,2.71,3,0.26,264.92,273.66,80.89,55.98,1.41,1.02,0.14,256.48,260.38,64.96,44.71,6.62,1.09,0.67,278.78,267.62,61.66,48.17,5.84,0.89,0.58,272.9,268.29,82.37,33.02,3.38,0.34,0.34,294.96,297.11,71.28,49.22,6.26,0.63,0.62,267.84,265.83,74.98,41.98,4.85,0.74,0.49,281.81,278.95,71.73,38.47,6.85,1.34,0.69,287.8,280.91,79.12,53.17,2.12,1.17,0.22,284.78,293.23,77.39,53.17,4.55,1.5,0.46,269.64,272.04,62.05,53.81,2.67,3.5,0.27,207.69,292.06,66.2,53.17,7.39,1.38,0.72,260.3,255.99,77.05,52.76,0.42,0.46,0.03,284.07,140.27,61.7,51.48,6.49,4,0.65,269.15,260.21,65.68,52.78,5.68,2.2,0.57,263.92,263.03,65.89,48.24,7.16,1.45,0.72,280.31,272.41,77.34,55.27,0.68,1.51,0.06,165.54,207.21,60.56,47.56,6.66,2.27,0.68,313.65,285.41,88.79,44.86,0.07,0.18,0.01,266.58,112.74,71.73,47.84,6.71,0.18,0.67,274.51,268.5,74.39,51.49,0.48,2.82,0.03,232.21,285
156,2.50E+13,0,46174,46672,46732,40579,41316,41448,42608,43407,43427,43491,45350,31018,36060,36086,42398,42514,43396,43498,43693,44859,44999,46958,61.04,50.66,4.93,1.45,0.5,99.14,237.63,73.77,56.54,2.97,2.82,0.28,257.22,268.08,80.75,55.96,1.4,0.92,0.14,257.88,257.04,64.3,44.69,6.5,1.32,0.66,280.11,267.9,61.08,48.15,5.91,0.88,0.59,272.27,267.33,82.07,33.18,3.34,0.5,0.34,295.71,297.61,70.66,49.17,6.25,0.63,0.62,268.62,265.49,74.5,42.06,4.82,0.75,0.49,280.2,278.6,71.05,38.6,6.88,0.9,0.69,290.91,280.45,78.89,53.17,2.19,1.28,0.23,284.78,288.88,76.93,53.17,4.62,1.35,0.47,269.64,270.23,61.79,53.9,2.67,3.01,0.27,223.87,285.53,65.48,54.16,7.28,1.55,1.22,260.3,256.03,77.06,52.75,0.34,0.64,0.02,285.77,140.01,61.09,51.37,6.03,4.3,0.62,274.32,259.22,65.12,52.7,5.56,2.29,0.56,263.92,260.61,65.18,48.26,7.06,1.76,0.71,278.11,271.03,77.31,55.21,0.69,0.83,0.06,172.36,211.13,59.93,47.73,6.44,2.38,0.65,320.27,286.05,88.8,44.85,0.08,0.17,0.01,265.5,128.06,71.06,47.82,6.71,0.51,0.67,274.51,267.95,74.32,51.5,0.94,3.56,0.07,230.53,273.49
157,2.50E+13,0,46174,46672,46732,40579,41316,41448,42608,43407,43427,43491,45350,31018,36060,36086,42398,42514,43396,43498,43693,44859,44999,46958,60.63,50.43,4.71,1.62,0.47,98.53,237.92,73.46,56.51,3.24,2.82,0.31,252.26,263,80.62,55.93,1.42,0.74,0.14,259.13,254.66,63.66,44.67,6.36,1.57,0.64,282.37,268.26,60.48,48.11,5.98,0.84,0.59,270.84,266.4,81.77,33.33,3.3,0.63,0.33,295.71,298.21,70.04,49.12,6.24,0.72,0.63,269.53,265.03,74.02,42.13,4.78,0.79,0.48,279.02,278.25,70.38,38.74,6.88,0.48,0.69,292.28,280.76,78.66,53.17,2.25,1.22,0.24,284.12,285.16,76.45,53.17,4.74,1.06,0.48,268.43,269.39,61.52,53.95,2.75,2.74,0.27,235.6,278.57,64.79,53.98,7.12,1.81,0.72,258.28,255.66,77.06,52.75,0.2,1,0.01,287.46,144.56,60.53,51.29,5.53,4.56,0.57,276.66,259.7,64.58,52.6,5.43,2.28,0.55,263.92,258.64,64.48,48.26,6.9,2.04,0.7,276.38,269.85,77.27,55.16,0.63,0.59,0.06,190.96,218.32,59.34,47.91,6.12,2.7,0.62,320.94,286.92,88.8,44.85,0.09,0.1,0.01,264.54,120.22,70.38,47.8,6.72,0.65,0.67,276.26,267.82,74.2,51.5,1.53,4.34,0.12,236.98,264.82
158,2.50E+13,0,46174,46672,46732,40579,41316,41448,42608,43407,43427,43491,45350,31018,36060,36086,42398,42514,43396,43498,43693,44859,44999,46958,60.27,50.28,4.16,2.59,0.39,61.72,242.06,73.13,56.47,3.43,2.33,0.33,246.52,260.34,80.48,55.89,1.42,0.66,0.14,259.13,251.63,63.03,44.65,6.2,1.77,0.63,284.28,268.93,59.89,48.07,6,0.8,0.6,271.65,265.59,81.49,33.49,3.25,0.81,0.33,294.76,299.76,69.42,49.06,6.22,0.77,0.62,268.91,265.07,73.55,42.2,4.74,0.85,0.48,277.13,278.21,69.7,38.87,6.87,0.6,0.69,292.98,280.58,78.42,53.17,2.31,1.06,0.24,284.12,282.13,75.97,53.17,4.82,0.91,0.48,268.43,268.26,61.24,53.98,2.87,2.3,0.28,241.48,273.6,64.11,53.8,6.92,2.04,0.7,257.26,255.45,77.04,52.76,0.09,1.03,0.02,290,160.21,60.04,51.25,4.83,5.43,0.49,262.56,263.04,64.06,52.48,5.23,2.43,0.53,263.92,256.22,63.8,48.24,6.77,2.42,0.68,274.01,267.49,77.23,55.12,0.59,0.78,0.06,202.8,228.48,58.77,48.08,5.81,2.92,0.59,320.35,287.78,88.82,44.84,0.16,0.27,0.02,263.51,129.36,69.71,47.77,6.72,0.77,0.67,276.26,267.75,74.02,51.48,2.09,4.35,0.18,233.6,264.08
159,2.50E+13,0,46174,46672,46732,40579,41316,41448,42608,43407,43427,43491,45350,31018,36060,36086,42398,42514,43396,43498,43693,44859,44999,46958,59.92,50.11,3.79,3.78,0.39,62.49,244.53,72.79,56.4,3.58,1.79,0.35,243.54,258.26,80.34,55.85,1.42,0.36,0.14,259.13,252.28,62.42,44.65,6.05,1.94,0.61,285.38,270.13,59.29,48.03,6.02,0.51,0.6,276.5,265.66,81.2,33.65,3.28,0.67,0.33,293.72,300.25,68.8,49.01,6.18,0.89,0.62,268.91,264.99,73.08,42.26,4.66,1.03,0.47,276.11,277.43,69.03,38.99,6.81,0.93,0.69,292.98,280.47,78.15,53.17,2.42,0.95,0.26,284.12,279.44,75.48,53.17,4.92,0.66,0.49,268.43,268,60.95,53.98,2.97,1.89,0.29,246.16,269.77,63.45,53.63,6.67,2.38,0.68,255.32,255.3,77.02,52.77,0.06,0.92,0.02,292.02,230.59,59.59,51.21,4.24,5.76,0.45,222.04,266.72,63.57,52.35,5.02,2.44,0.51,261.68,254.82,63.13,48.19,6.62,2.66,0.67,271.67,265.35,77.18,55.08,0.55,0.72,0.06,220.89,231.93,58.26,48.24,5.3,3.48,0.54,358.53,287.36,88.83,44.84,0.11,0.02,0.01,259.09,127.42,69.04,47.74,6.68,0.98,0.67,276.26,267.13,73.79,51.45,2.63,4.02,0.24,241.27,263.2
160,2.50E+13,0,46174,46672,46732,40579,41316,41448,42608,43407,43427,43491,45350,31018,36060,36086,42398,42514,43396,43498,43693,44859,44999,46958,59.59,49.99,3.34,4.4,0.35,60.73,249.52,72.43,56.32,3.72,1.35,0.37,240.97,256.59,80.21,55.8,1.41,0.21,0.14,259.13,252.28,61.83,44.66,5.84,2.21,0.59,285.38,271.26,58.68,47.99,6.05,0.36,0.6,280.89,266.16,80.92,33.82,3.21,0.76,0.32,293.72,300.95,68.19,48.96,6.12,1.03,0.62,268.34,265.43,72.62,42.33,4.58,1.11,0.46,277.04,278.19,68.36,39.12,6.74,1.2,0.68,292.98,280.73,77.89,53.17,2.52,0.86,0.27,280.09,277.67,74.98,53.17,5.03,0.63,0.5,266.23,267.02,60.65,53.97,3.03,1.46,0.3,247.87,266.68,62.82,53.46,6.36,2.74,0.65,254.32,254.89,76.99,52.78,0.13,0.85,0.03,293.06,281.25,59.19,51.2,3.76,5.41,0.4,193.5,270.71,63.09,52.23,4.8,2.42,0.49,259.39,253.91,62.47,48.13,6.49,2.72,0.66,270.86,262.99,77.14,55.05,0.51,0.62,0.05,245.92,231.78,57.78,48.39,4.85,3.9,0.5,12.51,288.31,88.83,44.84,0.05,0.21,0.01,257.03,110.02,68.38,47.7,6.57,1.3,0.66,273.97,266.68,73.5,51.42,3.09,3.55,0.29,249.17,262.57
161,2.50E+13,0,46174,46672,46732,40579,41316,41448,42608,43407,43427,43491,45350,31018,36060,36086,42398,42514,43396,43498,43693,44859,44999,46958,59.29,49.89,2.95,4.87,0.32,30.43,255.55,72.07,56.23,3.78,0.8,0.38,240.24,255.96,80.07,55.76,1.42,0.15,0.14,259.13,252.88,61.25,44.68,5.63,2.35,0.57,284.18,272.41,58.08,47.95,6.04,0.63,0.6,282.86,266.93,80.64,33.98,3.18,0.72,0.32,294.52,301.32,67.58,48.91,6.04,1.24,0.61,268.34,266.03,72.17,42.39,4.47,1.23,0.45,279.23,278.59,67.7,39.26,6.64,1.45,0.67,291.62,281.39,77.62,53.17,2.58,0.57,0.27,280.09,276.34,74.47,53.17,5.17,0.74,0.51,264.05,265.91,60.35,53.94,3.05,1.14,0.3,248.95,264.01,62.23,53.29,6.02,3.06,0.62,254.32,254.25,76.95,52.81,0.24,0.8,0.05,295.06,294.35,58.84,51.22,3.28,5,0.35,179.78,275.06,62.65,52.09,4.53,2.57,0.46,256.65,252.36,61.84,48.04,6.32,2.68,0.64,269.32,261.15,77.1,55.01,0.45,0.57,0.05,257.28,232.87,57.35,48.54,4.38,4.08,0.46,19.34,288.71,88.83,44.83,0.05,0.2,0,253.58,155.88,67.73,47.67,6.45,1.5,0.65,271.55,266.85,73.17,51.38,3.47,3.08,0.33,254.91,263.38
162,2.50E+13,0,46174,46672,46732,40579,41316,41448,42608,43407,43427,43491,45350,31018,36060,36086,42398,42514,43396,43498,43693,44859,44999,46958,59.02,49.84,2.53,4.85,0.27,12.99,263.36,71.7,56.14,3.8,0.5,0.38,240.24,255.01,79.94,55.71,1.43,0.25,0.14,258.3,254.14,60.7,44.71,5.39,2.58,0.55,284.18,274.14,57.48,47.93,5.97,1.17,0.6,284.43,268.49,80.37,34.15,3.16,0.7,0.32,295.9,302.17,66.98,48.87,5.92,1.4,0.6,268.34,266.06,71.73,42.46,4.36,1.32,0.44,279.82,278.81,67.05,39.38,6.52,1.61,0.66,292.5,281.17,77.34,53.17,2.66,0.44,0.28,275.12,275,73.94,53.17,5.31,0.85,0.52,264.05,265.03,60.05,53.9,3.06,1.16,0.3,250.7,260.41,61.67,53.13,5.69,3.24,0.59,253.59,253.85,76.91,52.83,0.33,0.73,0.05,295.06,298.47,58.54,51.26,2.83,4.51,0.3,169.97,279.37,62.24,51.95,4.24,2.7,0.43,253.97,250.81,61.22,47.93,6.15,2.65,0.62,267.72,259.1,77.07,54.99,0.42,0.44,0.04,264.59,231.45,56.98,48.67,3.84,4.27,0.4,28.87,290,88.83,44.83,0.09,0.41,0.01,249.84,233.92,67.08,47.63,6.34,1.62,0.64,269.99,266.51,72.81,51.35,3.79,2.52,0.37,256.82,263.86
163,2.50E+13,0,46174,46672,46732,40579,41316,41448,42608,43407,43427,43491,45350,31018,36060,36086,42398,42514,43396,43498,43693,44859,44999,46958,58.79,49.83,2.16,4.5,0.23,13.72,271.47,71.33,56.04,3.82,0.36,0.38,241.95,254.77,79.8,55.68,1.46,0.37,0.15,257.27,256.14,60.18,44.75,5.16,2.62,0.53,286.66,275.39,56.89,47.94,5.84,1.8,0.59,287.28,271,80.1,34.32,3.17,0.55,0.32,297.26,302.18,66.4,48.84,5.78,1.62,0.59,270.3,266.73,71.3,42.53,4.27,1.34,0.44,278.5,279.59,66.42,39.52,6.39,1.73,0.65,290.82,281.63,77.04,53.17,2.79,0.62,0.3,273.44,273.72,73.41,53.17,5.46,0.97,0.54,265.41,264.21,59.75,53.84,3.04,0.9,0.3,253.21,259.01,61.14,52.97,5.31,3.43,0.55,252.92,253.81,76.86,52.85,0.39,0.51,0.05,294.14,290.88,58.28,51.31,2.37,4.17,0.26,164.57,283.76,61.87,51.8,3.91,2.98,0.4,251.12,248.45,60.63,47.8,5.99,2.61,0.61,266.64,256.98,77.04,54.96,0.39,0.38,0.04,267.76,227.52,56.66,48.8,3.24,4.53,0.34,35.88,291.77,88.8,44.81,0.27,0.83,0.03,244.35,236.9,66.47,47.59,6.11,1.98,0.62,271.37,265.94,72.42,51.31,4.02,1.88,0.39,257.98,263.6
164,2.50E+13,0,46174,46672,46732,40579,41316,41448,42608,43407,43427,43491,45350,31018,36060,36086,42398,42514,43396,43498,43693,44859,44999,46958,58.59,49.85,1.88,3.84,0.2,5.73,279.32,70.96,55.94,3.79,0.48,0.38,241.95,255.32,79.65,55.64,1.49,0.34,0.15,256.05,256.67,59.68,44.81,4.88,2.79,0.5,288.77,277.15,56.31,47.97,5.78,2.07,0.58,288.07,273.3,79.83,34.48,3.14,0.51,0.32,296.53,301.98,65.82,48.81,5.67,1.7,0.57,273.61,267.87,70.89,42.61,4.15,1.48,0.42,277.51,281.22,65.8,39.65,6.23,1.87,0.63,290.82,281.89,76.75,53.17,2.86,0.63,0.3,270.94,272.68,72.85,53.17,5.62,0.95,0.55,265.41,263.39,59.45,53.77,3,0.95,0.3,255.12,256.81,60.65,52.83,4.91,3.56,0.51,251.64,253.19,76.8,52.84,0.46,0.62,0.06,292.22,279.01,58.07,51.35,1.98,3.53,0.22,177.93,282.62,61.52,51.66,3.61,3.03,0.38,250,246.92,60.05,47.66,5.82,2.52,0.59,264.82,255.26,77.01,54.93,0.38,0.38,0.04,269.29,218.46,56.4,48.91,2.71,4.62,0.29,44.21,293.89,88.78,44.79,0.37,0.89,0.03,233.81,222.68,65.87,47.54,5.93,2.11,0.6,272.31,265.28,72.01,51.26,4.21,1.38,0.41,257.98,263.25
165,2.50E+13,0,46174,46672,46732,40579,41316,41448,42608,43407,43427,43491,45350,31018,36060,36086,42398,42514,43396,43498,43693,44859,44999,46958,58.42,49.88,1.47,3.52,0.17,354.28,286.56,70.59,55.85,3.77,0.62,0.38,244.1,255.64,79.5,55.6,1.52,0.22,0.15,257.1,256.48,59.21,44.88,4.61,2.83,0.47,290.12,278.97,55.74,48.01,5.71,2.14,0.58,289.15,275.4,79.56,34.65,3.1,0.58,0.31,295.62,302.81,65.26,48.8,5.53,1.79,0.56,275.06,268.92,70.49,42.7,4.04,1.49,0.41,277.51,282.23,65.2,39.77,6.05,1.92,0.61,292.05,281.98,76.44,53.17,2.95,0.55,0.3,269.2,271.94,72.29,53.17,5.81,1.05,0.57,264.61,262.69,59.16,53.71,2.94,0.84,0.3,256.13,256.55,60.22,52.68,4.36,4.18,0.46,249.48,251.13,76.73,52.83,0.53,0.78,0.07,288.7,268.9,57.9,51.39,1.64,3.14,0.18,186.97,283.93,61.21,51.52,3.28,3.03,0.34,248.35,245.51,59.49,47.51,5.71,2.31,0.58,260.29,253.72,76.99,54.89,0.42,0.55,0.04,270.04,202.98,56.18,49.01,2.2,4.39,0.24,51.94,296.75,88.76,44.75,0.44,0.77,0.04,226.2,216.44,65.28,47.49,5.75,2.15,0.59,273.96,264.85,71.58,51.21,4.35,0.86,0.43,259.53,263.4
166,2.50E+13,0,46174,46672,46732,40579,41316,41448,42608,43407,43427,43491,45350,31018,36060,36086,42398,42514,43396,43498,43693,44859,44999,46958,58.3,49.93,1.14,3.19,0.13,358.25,294.73,70.23,55.75,3.73,0.73,0.38,245.8,255.6,79.36,55.57,1.55,0.21,0.15,257.98,257.16,58.77,44.95,4.31,2.88,0.44,291.27,280.74,55.17,48.08,5.6,2.24,0.57,291.2,277.82,79.3,34.82,3.07,0.67,0.31,295.62,304.15,64.71,48.8,5.4,1.83,0.55,275.93,269.96,70.1,42.77,3.91,1.44,0.4,277.51,281.95,64.62,39.9,5.88,1.88,0.6,293.8,282.4,76.12,53.17,3.02,0.35,0.32,269.2,271.4,71.71,53.17,5.92,0.91,0.58,263.22,262.07,58.88,53.65,2.84,0.96,0.29,256.13,256.4,59.83,52.54,3.88,4.34,0.41,249.48,249.89,76.66,52.8,0.61,0.95,0.08,284.6,259.61,57.75,51.42,1.35,2.73,0.15,199.75,283.89,60.93,51.38,2.92,3.11,0.31,247.03,243.81,58.95,47.35,5.58,2.08,0.57,257.83,252.51,76.98,54.84,0.52,0.77,0.05,270.04,189.75,56.01,49.11,1.76,4.05,0.19,57.45,300.61,88.74,44.71,0.47,0.69,0.04,210.38,202.68,64.72,47.45,5.55,2.18,0.57,274.93,265.65,71.15,51.16,4.39,0.33,0.44,262.08,263.51
